"gi","accession","product_length","mismatch_forward","mismatch_reverse","forward_start","forward_stop","reverse_start","reverse_stop","product_start","product_stop","amplicon_length","taxid","species","superkingdom","kingdom","phylum","subphylum","superclass","class","subclass","order","family","subfamily","genus","infraorder","subcohort","superorder","superfamily","tribe","subspecies","subgenus","species.group","parvorder","varietas"
33305536,"AF375482.1",126,1,0,520,503,395,412,395,520,90,164278,"Atelopus bomolochos","Eukaryota","Metazoa","Chordata","Craniata","Sarcopterygii","Amphibia",NA,"Anura","Bufonidae",NA,"Atelopus",NA,NA,"Batrachia","Hyloidea",NA,NA,NA,NA,NA,NA
1125137482,"KY202767.1",126,1,1,547,530,422,439,422,547,90,318301,"Aplastodiscus eugenioi","Eukaryota","Metazoa","Chordata","Craniata","Sarcopterygii","Amphibia",NA,"Anura","Hylidae","Hylinae","Aplastodiscus",NA,NA,"Batrachia","Hyloidea","Cophomantini",NA,NA,NA,NA,NA
1833339115,"MN961765.1",126,2,0,542,525,417,434,417,542,90,318273,"Corythomantis greeningi","Eukaryota","Metazoa","Chordata","Craniata","Sarcopterygii","Amphibia",NA,"Anura","Hylidae","Hylinae","Corythomantis",NA,NA,"Batrachia","Hyloidea","Lophiohylini",NA,NA,NA,NA,NA
1159033933,"KY406284.1",132,1,0,556,539,425,442,425,556,96,150708,"Dendropsophus leucophyllatus","Eukaryota","Metazoa","Chordata","Craniata","Sarcopterygii","Amphibia",NA,"Anura","Hylidae","Hylinae","Dendropsophus",NA,NA,"Batrachia","Hyloidea","Dendropsophini",NA,NA,NA,NA,NA
1159033923,"KY406274.1",132,1,0,542,525,411,428,411,542,96,150708,"Dendropsophus leucophyllatus","Eukaryota","Metazoa","Chordata","Craniata","Sarcopterygii","Amphibia",NA,"Anura","Hylidae","Hylinae","Dendropsophus",NA,NA,"Batrachia","Hyloidea","Dendropsophini",NA,NA,NA,NA,NA
1159033921,"KY406272.1",132,1,0,555,538,424,441,424,555,96,150708,"Dendropsophus leucophyllatus","Eukaryota","Metazoa","Chordata","Craniata","Sarcopterygii","Amphibia",NA,"Anura","Hylidae","Hylinae","Dendropsophus",NA,NA,"Batrachia","Hyloidea","Dendropsophini",NA,NA,NA,NA,NA
1159033903,"KY406254.1",132,1,0,556,539,425,442,425,556,96,150708,"Dendropsophus leucophyllatus","Eukaryota","Metazoa","Chordata","Craniata","Sarcopterygii","Amphibia",NA,"Anura","Hylidae","Hylinae","Dendropsophus",NA,NA,"Batrachia","Hyloidea","Dendropsophini",NA,NA,NA,NA,NA
1159033902,"KY406253.1",132,1,0,556,539,425,442,425,556,96,150708,"Dendropsophus leucophyllatus","Eukaryota","Metazoa","Chordata","Craniata","Sarcopterygii","Amphibia",NA,"Anura","Hylidae","Hylinae","Dendropsophus",NA,NA,"Batrachia","Hyloidea","Dendropsophini",NA,NA,NA,NA,NA
1159033901,"KY406252.1",132,1,0,556,539,425,442,425,556,96,150708,"Dendropsophus leucophyllatus","Eukaryota","Metazoa","Chordata","Craniata","Sarcopterygii","Amphibia",NA,"Anura","Hylidae","Hylinae","Dendropsophus",NA,NA,"Batrachia","Hyloidea","Dendropsophini",NA,NA,NA,NA,NA
1159033895,"KY406246.1",132,1,0,556,539,425,442,425,556,96,150708,"Dendropsophus leucophyllatus","Eukaryota","Metazoa","Chordata","Craniata","Sarcopterygii","Amphibia",NA,"Anura","Hylidae","Hylinae","Dendropsophus",NA,NA,"Batrachia","Hyloidea","Dendropsophini",NA,NA,NA,NA,NA
1159033894,"KY406245.1",132,1,0,556,539,425,442,425,556,96,150708,"Dendropsophus leucophyllatus","Eukaryota","Metazoa","Chordata","Craniata","Sarcopterygii","Amphibia",NA,"Anura","Hylidae","Hylinae","Dendropsophus",NA,NA,"Batrachia","Hyloidea","Dendropsophini",NA,NA,NA,NA,NA
1159033886,"KY406237.1",132,1,0,519,502,388,405,388,519,96,150708,"Dendropsophus leucophyllatus","Eukaryota","Metazoa","Chordata","Craniata","Sarcopterygii","Amphibia",NA,"Anura","Hylidae","Hylinae","Dendropsophus",NA,NA,"Batrachia","Hyloidea","Dendropsophini",NA,NA,NA,NA,NA
1109522748,"KY132213.1",127,0,1,684,667,558,575,558,684,91,1367246,"Kaloula conjuncta","Eukaryota","Metazoa","Chordata","Craniata","Sarcopterygii","Amphibia",NA,"Anura","Microhylidae","Microhylinae","Kaloula",NA,NA,"Batrachia","Microhyloidea",NA,"Kaloula conjuncta conjuncta",NA,NA,NA,NA
1897206046,"MT425495.1",138,0,0,657,640,520,537,520,657,102,1641793,"Cinclosoma clarum","Eukaryota","Metazoa","Chordata","Craniata","Sarcopterygii","Aves",NA,"Passeriformes","Cinclosomatidae",NA,"Cinclosoma",NA,NA,NA,"Corvoidea",NA,NA,NA,NA,NA,NA
55831613,"AY649111.1",136,1,0,564,547,429,446,429,564,100,220764,"Eugongylus rufescens","Eukaryota","Metazoa","Chordata","Craniata","Sarcopterygii","Lepidosauria",NA,"Squamata","Scincidae","Eugongylinae","Eugongylus","Scinciformata",NA,NA,NA,NA,NA,NA,NA,NA,NA
1468550339,"LS992656.1",136,0,0,627,610,492,509,492,627,100,9925,"Capra hircus","Eukaryota","Metazoa","Chordata","Craniata","Sarcopterygii","Mammalia",NA,"Artiodactyla","Bovidae","Caprinae","Capra","Pecora",NA,"Laurasiatheria",NA,NA,NA,NA,NA,NA,NA
1039678278,"KU605058.1",135,0,0,519,502,385,402,385,519,99,9838,"Camelus dromedarius","Eukaryota","Metazoa","Chordata","Craniata","Sarcopterygii","Mammalia",NA,"Artiodactyla","Camelidae",NA,"Camelus",NA,NA,"Laurasiatheria",NA,NA,NA,NA,NA,NA,NA
1795718792,"LR742731.1",135,0,0,622,605,488,505,488,622,99,9615,"Canis lupus","Eukaryota","Metazoa","Chordata","Craniata","Sarcopterygii","Mammalia",NA,"Carnivora","Canidae",NA,"Canis",NA,NA,"Laurasiatheria",NA,NA,"Canis lupus familiaris",NA,NA,NA,NA
1795715358,"LR745066.1",135,0,0,629,612,495,512,495,629,99,9615,"Canis lupus","Eukaryota","Metazoa","Chordata","Craniata","Sarcopterygii","Mammalia",NA,"Carnivora","Canidae",NA,"Canis",NA,NA,"Laurasiatheria",NA,NA,"Canis lupus familiaris",NA,NA,NA,NA
1899921924,"MT913781.1",137,0,0,600,583,464,481,464,600,101,2770979,"Panthera spelaea","Eukaryota","Metazoa","Chordata","Craniata","Sarcopterygii","Mammalia",NA,"Carnivora","Felidae","Pantherinae","Panthera",NA,NA,"Laurasiatheria",NA,NA,NA,NA,NA,NA,NA
NA,"MW815416.1",135,0,0,639,622,505,522,505,639,99,2821396,"Crocidura baluensis","Eukaryota","Metazoa","Chordata","Craniata","Sarcopterygii","Mammalia",NA,"Eulipotyphla","Soricidae","Crocidurinae","Crocidura",NA,NA,"Laurasiatheria",NA,NA,NA,NA,NA,NA,NA
2057493462,"MW846120.1",137,1,0,638,621,502,519,502,638,101,46122,"Equus sp.","Eukaryota","Metazoa","Chordata","Craniata","Sarcopterygii","Mammalia",NA,"Perissodactyla","Equidae",NA,"Equus",NA,NA,"Laurasiatheria",NA,NA,NA,NA,NA,NA,NA
1280120397,"MF134662.1",137,1,0,635,618,499,516,499,635,101,1983743,"Haringtonhippus francisci","Eukaryota","Metazoa","Chordata","Craniata","Sarcopterygii","Mammalia",NA,"Perissodactyla","Equidae",NA,"Haringtonhippus",NA,NA,"Laurasiatheria",NA,NA,NA,NA,NA,NA,NA
1825512355,"MN006848.1",136,1,0,1211,1194,1076,1093,1076,1211,100,9606,"Homo sapiens","Eukaryota","Metazoa","Chordata","Craniata","Sarcopterygii","Mammalia",NA,"Primates","Hominidae","Homininae","Homo","Simiiformes",NA,"Euarchontoglires","Hominoidea",NA,NA,NA,NA,"Catarrhini",NA
1405682078,"MH359228.1",136,1,0,1206,1189,1071,1088,1071,1206,100,9606,"Homo sapiens","Eukaryota","Metazoa","Chordata","Craniata","Sarcopterygii","Mammalia",NA,"Primates","Hominidae","Homininae","Homo","Simiiformes",NA,"Euarchontoglires","Hominoidea",NA,NA,NA,NA,"Catarrhini",NA
1405682022,"MH359224.1",136,1,0,1211,1194,1076,1093,1076,1211,100,9606,"Homo sapiens","Eukaryota","Metazoa","Chordata","Craniata","Sarcopterygii","Mammalia",NA,"Primates","Hominidae","Homininae","Homo","Simiiformes",NA,"Euarchontoglires","Hominoidea",NA,NA,NA,NA,"Catarrhini",NA
1405681994,"MH359222.1",136,1,0,1210,1193,1075,1092,1075,1210,100,9606,"Homo sapiens","Eukaryota","Metazoa","Chordata","Craniata","Sarcopterygii","Mammalia",NA,"Primates","Hominidae","Homininae","Homo","Simiiformes",NA,"Euarchontoglires","Hominoidea",NA,NA,NA,NA,"Catarrhini",NA
1405681882,"MH359214.1",136,1,0,1189,1172,1054,1071,1054,1189,100,9606,"Homo sapiens","Eukaryota","Metazoa","Chordata","Craniata","Sarcopterygii","Mammalia",NA,"Primates","Hominidae","Homininae","Homo","Simiiformes",NA,"Euarchontoglires","Hominoidea",NA,NA,NA,NA,"Catarrhini",NA
1405681658,"MH359198.1",136,1,0,1208,1191,1073,1090,1073,1208,100,9606,"Homo sapiens","Eukaryota","Metazoa","Chordata","Craniata","Sarcopterygii","Mammalia",NA,"Primates","Hominidae","Homininae","Homo","Simiiformes",NA,"Euarchontoglires","Hominoidea",NA,NA,NA,NA,"Catarrhini",NA
1616238902,"MK059654.1",136,1,0,1105,1088,970,987,970,1105,100,9606,"Homo sapiens","Eukaryota","Metazoa","Chordata","Craniata","Sarcopterygii","Mammalia",NA,"Primates","Hominidae","Homininae","Homo","Simiiformes",NA,"Euarchontoglires","Hominoidea",NA,NA,NA,NA,"Catarrhini",NA
1800684220,"LS997866.1",136,1,0,1212,1195,1077,1094,1077,1212,100,9606,"Homo sapiens","Eukaryota","Metazoa","Chordata","Craniata","Sarcopterygii","Mammalia",NA,"Primates","Hominidae","Homininae","Homo","Simiiformes",NA,"Euarchontoglires","Hominoidea",NA,NA,NA,NA,"Catarrhini",NA
1800684177,"LS997823.1",136,1,0,1210,1193,1075,1092,1075,1210,100,9606,"Homo sapiens","Eukaryota","Metazoa","Chordata","Craniata","Sarcopterygii","Mammalia",NA,"Primates","Hominidae","Homininae","Homo","Simiiformes",NA,"Euarchontoglires","Hominoidea",NA,NA,NA,NA,"Catarrhini",NA
1771806491,"MH894761.1",136,1,0,1194,1177,1059,1076,1059,1194,100,9606,"Homo sapiens","Eukaryota","Metazoa","Chordata","Craniata","Sarcopterygii","Mammalia",NA,"Primates","Hominidae","Homininae","Homo","Simiiformes",NA,"Euarchontoglires","Hominoidea",NA,NA,NA,NA,"Catarrhini",NA
1069418104,"KU682877.1",136,1,0,1211,1194,1076,1093,1076,1211,100,9606,"Homo sapiens","Eukaryota","Metazoa","Chordata","Craniata","Sarcopterygii","Mammalia",NA,"Primates","Hominidae","Homininae","Homo","Simiiformes",NA,"Euarchontoglires","Hominoidea",NA,NA,NA,NA,"Catarrhini",NA
1022947600,"KT725931.1",136,1,0,1211,1194,1076,1093,1076,1211,100,9606,"Homo sapiens","Eukaryota","Metazoa","Chordata","Craniata","Sarcopterygii","Mammalia",NA,"Primates","Hominidae","Homininae","Homo","Simiiformes",NA,"Euarchontoglires","Hominoidea",NA,NA,NA,NA,"Catarrhini",NA
1022947266,"KT725907.1",136,1,0,1212,1195,1077,1094,1077,1212,100,9606,"Homo sapiens","Eukaryota","Metazoa","Chordata","Craniata","Sarcopterygii","Mammalia",NA,"Primates","Hominidae","Homininae","Homo","Simiiformes",NA,"Euarchontoglires","Hominoidea",NA,NA,NA,NA,"Catarrhini",NA
1022946749,"KT725870.1",136,1,0,1211,1194,1076,1093,1076,1211,100,9606,"Homo sapiens","Eukaryota","Metazoa","Chordata","Craniata","Sarcopterygii","Mammalia",NA,"Primates","Hominidae","Homininae","Homo","Simiiformes",NA,"Euarchontoglires","Hominoidea",NA,NA,NA,NA,"Catarrhini",NA
1228322780,"MF057010.1",136,1,0,1211,1194,1076,1093,1076,1211,100,9606,"Homo sapiens","Eukaryota","Metazoa","Chordata","Craniata","Sarcopterygii","Mammalia",NA,"Primates","Hominidae","Homininae","Homo","Simiiformes",NA,"Euarchontoglires","Hominoidea",NA,NA,NA,NA,"Catarrhini",NA
1228320343,"MF056836.1",136,1,0,1197,1180,1062,1079,1062,1197,100,9606,"Homo sapiens","Eukaryota","Metazoa","Chordata","Craniata","Sarcopterygii","Mammalia",NA,"Primates","Hominidae","Homininae","Homo","Simiiformes",NA,"Euarchontoglires","Hominoidea",NA,NA,NA,NA,"Catarrhini",NA
1228317081,"MF056602.1",136,1,0,1210,1193,1075,1092,1075,1210,100,9606,"Homo sapiens","Eukaryota","Metazoa","Chordata","Craniata","Sarcopterygii","Mammalia",NA,"Primates","Hominidae","Homininae","Homo","Simiiformes",NA,"Euarchontoglires","Hominoidea",NA,NA,NA,NA,"Catarrhini",NA
1228313651,"MF056357.1",136,1,0,1211,1194,1076,1093,1076,1211,100,9606,"Homo sapiens","Eukaryota","Metazoa","Chordata","Craniata","Sarcopterygii","Mammalia",NA,"Primates","Hominidae","Homininae","Homo","Simiiformes",NA,"Euarchontoglires","Hominoidea",NA,NA,NA,NA,"Catarrhini",NA
545768297,"KF162359.1",136,1,0,1211,1194,1076,1093,1076,1211,100,9606,"Homo sapiens","Eukaryota","Metazoa","Chordata","Craniata","Sarcopterygii","Mammalia",NA,"Primates","Hominidae","Homininae","Homo","Simiiformes",NA,"Euarchontoglires","Hominoidea",NA,NA,NA,NA,"Catarrhini",NA
545767555,"KF162306.1",136,1,0,1211,1194,1076,1093,1076,1211,100,9606,"Homo sapiens","Eukaryota","Metazoa","Chordata","Craniata","Sarcopterygii","Mammalia",NA,"Primates","Hominidae","Homininae","Homo","Simiiformes",NA,"Euarchontoglires","Hominoidea",NA,NA,NA,NA,"Catarrhini",NA
545767303,"KF162288.1",136,1,0,1211,1194,1076,1093,1076,1211,100,9606,"Homo sapiens","Eukaryota","Metazoa","Chordata","Craniata","Sarcopterygii","Mammalia",NA,"Primates","Hominidae","Homininae","Homo","Simiiformes",NA,"Euarchontoglires","Hominoidea",NA,NA,NA,NA,"Catarrhini",NA
545766127,"KF162204.1",136,1,0,1211,1194,1076,1093,1076,1211,100,9606,"Homo sapiens","Eukaryota","Metazoa","Chordata","Craniata","Sarcopterygii","Mammalia",NA,"Primates","Hominidae","Homininae","Homo","Simiiformes",NA,"Euarchontoglires","Hominoidea",NA,NA,NA,NA,"Catarrhini",NA
545766085,"KF162201.1",136,1,0,1211,1194,1076,1093,1076,1211,100,9606,"Homo sapiens","Eukaryota","Metazoa","Chordata","Craniata","Sarcopterygii","Mammalia",NA,"Primates","Hominidae","Homininae","Homo","Simiiformes",NA,"Euarchontoglires","Hominoidea",NA,NA,NA,NA,"Catarrhini",NA
545765077,"KF162129.1",136,1,0,1212,1195,1077,1094,1077,1212,100,9606,"Homo sapiens","Eukaryota","Metazoa","Chordata","Craniata","Sarcopterygii","Mammalia",NA,"Primates","Hominidae","Homininae","Homo","Simiiformes",NA,"Euarchontoglires","Hominoidea",NA,NA,NA,NA,"Catarrhini",NA
545755656,"KF161456.1",136,1,0,1211,1194,1076,1093,1076,1211,100,9606,"Homo sapiens","Eukaryota","Metazoa","Chordata","Craniata","Sarcopterygii","Mammalia",NA,"Primates","Hominidae","Homininae","Homo","Simiiformes",NA,"Euarchontoglires","Hominoidea",NA,NA,NA,NA,"Catarrhini",NA
545753612,"KF161310.1",136,1,0,1211,1194,1076,1093,1076,1211,100,9606,"Homo sapiens","Eukaryota","Metazoa","Chordata","Craniata","Sarcopterygii","Mammalia",NA,"Primates","Hominidae","Homininae","Homo","Simiiformes",NA,"Euarchontoglires","Hominoidea",NA,NA,NA,NA,"Catarrhini",NA
545752968,"KF161264.1",136,1,0,1212,1195,1077,1094,1077,1212,100,9606,"Homo sapiens","Eukaryota","Metazoa","Chordata","Craniata","Sarcopterygii","Mammalia",NA,"Primates","Hominidae","Homininae","Homo","Simiiformes",NA,"Euarchontoglires","Hominoidea",NA,NA,NA,NA,"Catarrhini",NA
1391840729,"MG773625.1",136,1,0,1183,1166,1048,1065,1048,1183,100,9606,"Homo sapiens","Eukaryota","Metazoa","Chordata","Craniata","Sarcopterygii","Mammalia",NA,"Primates","Hominidae","Homininae","Homo","Simiiformes",NA,"Euarchontoglires","Hominoidea",NA,NA,NA,NA,"Catarrhini",NA
1228320497,"MF056847.1",136,1,0,1203,1186,1068,1085,1068,1203,100,9606,"Homo sapiens","Eukaryota","Metazoa","Chordata","Craniata","Sarcopterygii","Mammalia",NA,"Primates","Hominidae","Homininae","Homo","Simiiformes",NA,"Euarchontoglires","Hominoidea",NA,NA,NA,NA,"Catarrhini",NA
1015812627,"KU171099.1",136,1,0,1211,1194,1076,1093,1076,1211,100,9606,"Homo sapiens","Eukaryota","Metazoa","Chordata","Craniata","Sarcopterygii","Mammalia",NA,"Primates","Hominidae","Homininae","Homo","Simiiformes",NA,"Euarchontoglires","Hominoidea",NA,NA,NA,NA,"Catarrhini",NA
1015812599,"KU171097.1",136,1,0,1211,1194,1076,1093,1076,1211,100,9606,"Homo sapiens","Eukaryota","Metazoa","Chordata","Craniata","Sarcopterygii","Mammalia",NA,"Primates","Hominidae","Homininae","Homo","Simiiformes",NA,"Euarchontoglires","Hominoidea",NA,NA,NA,NA,"Catarrhini",NA
1015812613,"KU171098.1",136,1,0,1211,1194,1076,1093,1076,1211,100,9606,"Homo sapiens","Eukaryota","Metazoa","Chordata","Craniata","Sarcopterygii","Mammalia",NA,"Primates","Hominidae","Homininae","Homo","Simiiformes",NA,"Euarchontoglires","Hominoidea",NA,NA,NA,NA,"Catarrhini",NA
1922070606,"MN807586.1",135,0,0,610,593,476,493,476,610,99,121567,"Lemniscomys striatus","Eukaryota","Metazoa","Chordata","Craniata","Sarcopterygii","Mammalia",NA,"Rodentia","Muridae","Murinae","Lemniscomys",NA,NA,"Euarchontoglires",NA,NA,NA,NA,NA,NA,NA
