"gi","accession","product_length","mismatch_forward","mismatch_reverse","forward_start","forward_stop","reverse_start","reverse_stop","product_start","product_stop"
NA,"XR_007631791.1",137,0,0,2523,2540,2659,2642,2523,2659
NA,"ON920699.1",136,0,0,638,621,503,520,503,638
NA,"MW625807.1",134,0,0,631,614,498,515,498,631
NA,"MW625805.1",134,0,0,631,614,498,515,498,631
NA,"LC726204.1",135,0,0,504,487,370,387,370,504
NA,"LC726202.1",136,0,0,499,482,364,381,364,499
NA,"LC726199.1",136,0,0,506,489,371,388,371,506
NA,"LC721527.1",137,0,0,795,778,659,676,659,795
NA,"NC_065829.1",135,0,0,632,615,498,515,498,632
NA,"NC_065812.1",135,0,0,630,613,496,513,496,630
NA,"NC_065811.1",135,0,0,625,608,491,508,491,625
NA,"NC_065810.1",135,0,0,630,613,496,513,496,630
NA,"NC_065807.1",135,0,0,633,616,499,516,499,633
NA,"NC_065788.1",136,0,0,626,609,491,508,491,626
NA,"NC_065787.1",136,0,0,626,609,491,508,491,626
NA,"NC_065762.1",135,0,0,628,611,494,511,494,628
NA,"NC_065750.1",135,0,0,625,608,491,508,491,625
NA,"NC_065749.1",135,0,0,625,608,491,508,491,625
NA,"NC_065693.1",136,0,0,641,624,506,523,506,641
NA,"NC_065691.1",136,0,0,633,616,498,515,498,633
NA,"NC_065690.1",136,0,0,632,615,497,514,497,632
NA,"NC_065689.1",136,0,0,635,618,500,517,500,635
NA,"NC_065688.1",136,0,0,638,621,503,520,503,638
NA,"NC_065687.1",136,0,0,632,615,497,514,497,632
NA,"NC_065686.1",136,0,0,634,617,499,516,499,634
NA,"NC_065685.1",136,0,0,636,619,501,518,501,636
NA,"NC_065684.1",135,0,0,636,619,502,519,502,636
NA,"NC_065683.1",137,0,0,633,616,497,514,497,633
NA,"NC_065682.1",136,0,0,635,618,500,517,500,635
NA,"NC_065681.1",136,0,0,636,619,501,518,501,636
NA,"NC_065680.1",136,0,0,633,616,498,515,498,633
NA,"NC_065677.1",136,0,0,635,618,500,517,500,635
NA,"NC_065676.1",136,0,0,632,615,497,514,497,632
NA,"NC_065675.1",136,0,0,631,614,496,513,496,631
NA,"NC_065673.1",134,0,0,622,605,489,506,489,622
NA,"NC_065663.1",135,0,0,628,611,494,511,494,628
NA,"ON859174.1",123,0,0,500,483,378,395,378,500
NA,"ON859173.1",123,0,0,500,483,378,395,378,500
NA,"ON859172.1",123,0,0,500,483,378,395,378,500
NA,"ON859171.1",123,0,0,500,483,378,395,378,500
NA,"ON859170.1",124,0,0,500,483,377,394,377,500
NA,"ON859140.1",124,0,0,416,399,293,310,293,416
NA,"ON859139.1",124,0,0,500,483,377,394,377,500
NA,"LC723810.1",135,0,0,507,490,373,390,373,507
NA,"LC723805.1",135,0,0,502,485,368,385,368,502
NA,"LC723801.1",133,0,0,490,473,358,375,358,490
NA,"LC723785.1",135,0,0,500,483,366,383,366,500
NA,"LC723784.1",135,0,0,495,478,361,378,361,495
NA,"LC499573.2",135,0,0,501,484,367,384,367,501
NA,"LC499520.2",135,0,0,499,482,365,382,365,499
NA,"LC499393.2",135,0,0,501,484,367,384,367,501
NA,"LC499324.2",134,0,0,502,485,369,386,369,502
NA,"LC458334.2",135,0,0,499,482,365,382,365,499
NA,"LC278266.2",135,0,0,501,484,367,384,367,501
NA,"LC278265.2",135,0,0,501,484,367,384,367,501
NA,"LC277940.2",136,0,0,508,491,373,390,373,508
NA,"LC589576.2",135,0,0,504,487,370,387,370,504
NA,"LC579326.2",135,0,0,505,488,371,388,371,505
NA,"LC579315.2",135,0,0,502,485,368,385,368,502
NA,"LC499595.2",135,0,0,501,484,367,384,367,501
NA,"LC499395.2",135,0,0,501,484,367,384,367,501
NA,"LC499394.2",135,0,0,501,484,367,384,367,501
NA,"LC499243.2",134,0,0,502,485,369,386,369,502
NA,"LC385306.2",135,0,0,501,484,367,384,367,501
NA,"LC340274.2",135,0,0,501,484,367,384,367,501
NA,"LC340201.2",135,0,0,505,488,371,388,371,505
NA,"LC579345.2",135,0,0,501,484,367,384,367,501
NA,"ON244033.1",136,0,0,636,619,501,518,501,636
NA,"OP120939.1",135,0,0,373,356,239,256,239,373
NA,"MZ571355.1",135,0,0,628,611,494,511,494,628
NA,"MZ571354.1",135,0,0,628,611,494,511,494,628
NA,"MZ571353.1",135,0,0,628,611,494,511,494,628
NA,"MZ571352.1",135,0,0,628,611,494,511,494,628
NA,"NC_065434.1",135,0,0,627,610,493,510,493,627
NA,"ON262567.1",135,0,0,640,623,506,523,506,640
NA,"OL959345.1",138,0,0,1879,1862,1742,1759,1742,1879
NA,"OL959344.1",138,0,0,1879,1862,1742,1759,1742,1879
NA,"OL959343.1",138,0,0,1880,1863,1743,1760,1743,1880
NA,"OL959342.1",138,0,0,1879,1862,1742,1759,1742,1879
NA,"MZ709307.1",133,0,0,619,602,487,504,487,619
NA,"MZ709306.1",133,0,0,625,608,493,510,493,625
NA,"MZ709304.1",134,0,0,626,609,493,510,493,626
NA,"MZ709302.1",134,0,0,623,606,490,507,490,623
NA,"MZ709301.1",134,0,0,625,608,492,509,492,625
NA,"MZ709300.1",134,0,0,624,607,491,508,491,624
NA,"MZ709299.1",134,0,0,626,609,493,510,493,626
NA,"MZ709297.1",134,0,0,624,607,491,508,491,624
NA,"MZ709296.1",133,0,0,624,607,492,509,492,624
NA,"MZ435948.1",136,0,0,631,614,496,513,496,631
NA,"MZ427898.1",137,0,0,1844,1827,1708,1725,1708,1844
NA,"XR_007455700.1",137,0,0,266,249,130,147,130,266
NA,"LC720455.1",135,0,0,502,485,368,385,368,502
NA,"LC720454.1",133,0,0,501,484,369,386,369,501
NA,"LC720451.1",135,0,0,486,469,352,369,352,486
NA,"LC720449.1",135,0,0,499,482,365,382,365,499
NA,"LC720448.1",136,0,0,510,493,375,392,375,510
NA,"LC720446.1",136,0,0,506,489,371,388,371,506
NA,"LC720445.1",135,0,0,502,485,368,385,368,502
NA,"LC545442.1",135,0,0,629,612,495,512,495,629
NA,"MW713531.1",136,0,0,626,609,491,508,491,626
NA,"MW713530.1",136,0,0,626,609,491,508,491,626
NA,"MW713529.1",136,0,0,626,609,491,508,491,626
NA,"MW713528.1",136,0,0,626,609,491,508,491,626
NA,"MW713527.1",136,0,0,626,609,491,508,491,626
NA,"MW713526.1",136,0,0,626,609,491,508,491,626
NA,"MW713525.1",136,0,0,627,610,492,509,492,627
NA,"OK323274.1",135,0,0,626,609,492,509,492,626
NA,"OK323273.1",135,0,0,626,609,492,509,492,626
NA,"OK323272.1",135,0,0,625,608,491,508,491,625
NA,"OK323271.1",135,0,0,625,608,491,508,491,625
NA,"OK323270.1",135,0,0,625,608,491,508,491,625
NA,"OK323269.1",135,0,0,625,608,491,508,491,625
NA,"ON227526.1",136,0,0,641,624,506,523,506,641
NA,"ON653196.1",136,0,0,635,618,500,517,500,635
NA,"ON653195.1",136,0,0,636,619,501,518,501,636
NA,"ON357738.1",136,0,0,633,616,498,515,498,633
NA,"ON357734.1",136,0,0,634,617,499,516,499,634
NA,"ON357733.1",136,0,0,632,615,497,514,497,632
NA,"ON357732.1",134,0,0,629,612,496,513,496,629
NA,"ON357730.1",134,0,0,865,848,732,749,732,865
NA,"ON357729.1",136,0,0,635,618,500,517,500,635
NA,"ON357728.1",135,0,0,634,617,500,517,500,634
NA,"ON357727.1",136,0,0,638,621,503,520,503,638
NA,"ON357726.1",136,0,0,633,616,498,515,498,633
NA,"ON357724.1",136,0,0,632,615,497,514,497,632
NA,"ON357723.1",136,0,0,634,617,499,516,499,634
NA,"ON357722.1",136,0,0,636,619,501,518,501,636
NA,"ON357721.1",135,0,0,636,619,502,519,502,636
NA,"ON357720.1",137,0,0,633,616,497,514,497,633
NA,"ON321893.1",136,0,0,635,618,500,517,500,635
NA,"ON321892.1",136,0,0,636,619,501,518,501,636
NA,"ON321891.1",136,0,0,633,616,498,515,498,633
NA,"ON310505.1",136,0,0,635,618,500,517,500,635
NA,"ON310504.1",136,0,0,632,615,497,514,497,632
NA,"ON310503.1",136,0,0,631,614,496,513,496,631
NA,"MZ547135.1",134,0,0,632,615,499,516,499,632
NA,"ON380917.1",135,0,0,626,609,492,509,492,626
NA,"MZ540029.1",134,0,0,622,605,489,506,489,622
NA,"MZ540028.1",134,0,0,621,604,488,505,488,621
NA,"OM650112.1",135,0,0,630,613,496,513,496,630
NA,"OM650111.1",135,0,0,630,613,496,513,496,630
NA,"OM650110.1",135,0,0,630,613,496,513,496,630
NA,"OM650109.1",135,0,0,630,613,496,513,496,630
NA,"OM650108.1",135,0,0,630,613,496,513,496,630
NA,"OM650107.1",135,0,0,630,613,496,513,496,630
NA,"OM650106.1",135,0,0,630,613,496,513,496,630
NA,"OM650105.1",135,0,0,630,613,496,513,496,630
NA,"OM650104.1",135,0,0,630,613,496,513,496,630
NA,"OM650103.1",135,0,0,630,613,496,513,496,630
NA,"OM650102.1",135,0,0,630,613,496,513,496,630
NA,"OM650101.1",135,0,0,630,613,496,513,496,630
NA,"OM650100.1",135,0,0,630,613,496,513,496,630
NA,"OM650099.1",135,0,0,630,613,496,513,496,630
NA,"OM650098.1",135,0,0,630,613,496,513,496,630
NA,"OM650097.1",135,0,0,630,613,496,513,496,630
NA,"OM650096.1",135,0,0,630,613,496,513,496,630
NA,"OM650095.1",135,0,0,630,613,496,513,496,630
NA,"OM650094.1",135,0,0,630,613,496,513,496,630
NA,"OM650093.1",135,0,0,626,609,492,509,492,626
NA,"OM650092.1",135,0,0,630,613,496,513,496,630
NA,"OM650091.1",135,0,0,630,613,496,513,496,630
NA,"OM650090.1",135,0,0,630,613,496,513,496,630
NA,"OM650089.1",135,0,0,630,613,496,513,496,630
NA,"OM650088.1",135,0,0,630,613,496,513,496,630
NA,"OM650087.1",135,0,0,630,613,496,513,496,630
NA,"OM650086.1",135,0,0,630,613,496,513,496,630
NA,"OM650085.1",135,0,0,630,613,496,513,496,630
NA,"OM650084.1",135,0,0,630,613,496,513,496,630
NA,"OM650083.1",135,0,0,630,613,496,513,496,630
NA,"OM650082.1",135,0,0,630,613,496,513,496,630
NA,"OM650081.1",135,0,0,631,614,497,514,497,631
NA,"OM650080.1",135,0,0,630,613,496,513,496,630
NA,"OM650079.1",135,0,0,630,613,496,513,496,630
NA,"OM650078.1",135,0,0,630,613,496,513,496,630
NA,"OM650077.1",135,0,0,630,613,496,513,496,630
NA,"OM650076.1",135,0,0,630,613,496,513,496,630
NA,"OM650075.1",135,0,0,630,613,496,513,496,630
NA,"OM650074.1",135,0,0,630,613,496,513,496,630
NA,"OM650073.1",135,0,0,630,613,496,513,496,630
NA,"NC_065305.1",135,0,0,630,613,496,513,496,630
NA,"OM650071.1",135,0,0,630,613,496,513,496,630
NA,"OM650070.1",135,0,0,630,613,496,513,496,630
NA,"OM650069.1",135,0,0,630,613,496,513,496,630
NA,"OM650068.1",135,0,0,630,613,496,513,496,630
NA,"OM650067.1",135,0,0,630,613,496,513,496,630
NA,"OM650066.1",135,0,0,630,613,496,513,496,630
NA,"OM650065.1",135,0,0,630,613,496,513,496,630
NA,"OM650064.1",135,0,0,630,613,496,513,496,630
NA,"OM650063.1",135,0,0,630,613,496,513,496,630
NA,"OM650062.1",135,0,0,630,613,496,513,496,630
NA,"OM650061.1",135,0,0,630,613,496,513,496,630
NA,"OM650060.1",135,0,0,630,613,496,513,496,630
NA,"OM650059.1",135,0,0,630,613,496,513,496,630
NA,"OM650058.1",135,0,0,630,613,496,513,496,630
NA,"OM650057.1",135,0,0,630,613,496,513,496,630
NA,"OM650056.1",135,0,0,630,613,496,513,496,630
NA,"OM650055.1",135,0,0,630,613,496,513,496,630
NA,"OM650054.1",135,0,0,630,613,496,513,496,630
NA,"OM650053.1",135,0,0,630,613,496,513,496,630
NA,"OM650052.1",135,0,0,630,613,496,513,496,630
NA,"OM650051.1",135,0,0,630,613,496,513,496,630
NA,"OM650050.1",135,0,0,630,613,496,513,496,630
NA,"OM650049.1",135,0,0,630,613,496,513,496,630
NA,"OM650048.1",135,0,0,630,613,496,513,496,630
NA,"OM650047.1",135,0,0,630,613,496,513,496,630
NA,"OM650046.1",135,0,0,630,613,496,513,496,630
NA,"OM650045.1",135,0,0,630,613,496,513,496,630
NA,"OM650044.1",135,0,0,630,613,496,513,496,630
NA,"OM650043.1",135,0,0,630,613,496,513,496,630
NA,"OM650042.1",135,0,0,630,613,496,513,496,630
NA,"OM650041.1",135,0,0,630,613,496,513,496,630
NA,"OM650040.1",135,0,0,630,613,496,513,496,630
NA,"OM650039.1",135,0,0,630,613,496,513,496,630
NA,"OM650038.1",135,0,0,630,613,496,513,496,630
NA,"OM650037.1",135,0,0,630,613,496,513,496,630
NA,"OM650036.1",135,0,0,630,613,496,513,496,630
NA,"OM650035.1",135,0,0,630,613,496,513,496,630
NA,"OM650034.1",135,0,0,630,613,496,513,496,630
NA,"OM650033.1",135,0,0,630,613,496,513,496,630
NA,"OM650032.1",135,0,0,630,613,496,513,496,630
NA,"OM650031.1",135,0,0,630,613,496,513,496,630
NA,"OM650030.1",135,0,0,631,614,497,514,497,631
NA,"OM650029.1",135,0,0,631,614,497,514,497,631
NA,"OM650028.1",135,0,0,631,614,497,514,497,631
NA,"OM650027.1",135,0,0,631,614,497,514,497,631
NA,"OM650026.1",135,0,0,631,614,497,514,497,631
NA,"OM650025.1",135,0,0,631,614,497,514,497,631
NA,"OM650024.1",135,0,0,631,614,497,514,497,631
NA,"OM650023.1",135,0,0,631,614,497,514,497,631
NA,"OM650022.1",135,0,0,631,614,497,514,497,631
NA,"OM650021.1",135,0,0,631,614,497,514,497,631
NA,"OM650020.1",135,0,0,631,614,497,514,497,631
NA,"OM650019.1",135,0,0,631,614,497,514,497,631
NA,"OM650018.1",135,0,0,631,614,497,514,497,631
NA,"OM650017.1",135,0,0,631,614,497,514,497,631
NA,"OM650016.1",135,0,0,631,614,497,514,497,631
NA,"OM650015.1",135,0,0,631,614,497,514,497,631
NA,"OM650014.1",135,0,0,631,614,497,514,497,631
NA,"OM650013.1",135,0,0,631,614,497,514,497,631
NA,"OM650012.1",135,0,0,631,614,497,514,497,631
NA,"OM650011.1",135,0,0,631,614,497,514,497,631
NA,"OM650010.1",135,0,0,631,614,497,514,497,631
NA,"OM650009.1",135,0,0,631,614,497,514,497,631
NA,"OM650008.1",135,0,0,631,614,497,514,497,631
NA,"OM650007.1",135,0,0,631,614,497,514,497,631
NA,"OM650006.1",135,0,0,631,614,497,514,497,631
NA,"OM650005.1",135,0,0,631,614,497,514,497,631
NA,"OM650004.1",135,0,0,631,614,497,514,497,631
NA,"OM650003.1",135,0,0,631,614,497,514,497,631
NA,"OM650002.1",135,0,0,631,614,497,514,497,631
NA,"OM650001.1",135,0,0,631,614,497,514,497,631
NA,"OM650000.1",135,0,0,631,614,497,514,497,631
NA,"OM649999.1",135,0,0,631,614,497,514,497,631
NA,"OM649998.1",135,0,0,631,614,497,514,497,631
NA,"OM649997.1",135,0,0,631,614,497,514,497,631
NA,"OM649996.1",135,0,0,631,614,497,514,497,631
NA,"OM649995.1",135,0,0,631,614,497,514,497,631
NA,"OM649994.1",135,0,0,631,614,497,514,497,631
NA,"OM649993.1",135,0,0,631,614,497,514,497,631
NA,"OM649992.1",135,0,0,631,614,497,514,497,631
NA,"OM649991.1",135,0,0,631,614,497,514,497,631
NA,"OM649990.1",135,0,0,631,614,497,514,497,631
NA,"OM649989.1",135,0,0,631,614,497,514,497,631
NA,"OM649988.1",135,0,0,631,614,497,514,497,631
NA,"NC_065304.1",135,0,0,631,614,497,514,497,631
NA,"OM649986.1",135,0,0,631,614,497,514,497,631
NA,"OM649985.1",135,0,0,631,614,497,514,497,631
NA,"OM649984.1",135,0,0,631,614,497,514,497,631
NA,"OM649983.1",135,0,0,631,614,497,514,497,631
NA,"OM649982.1",135,0,0,631,614,497,514,497,631
NA,"OM649981.1",135,0,0,631,614,497,514,497,631
NA,"OM649980.1",135,0,0,631,614,497,514,497,631
NA,"OM649979.1",135,0,0,631,614,497,514,497,631
NA,"OM649978.1",135,0,0,631,614,497,514,497,631
NA,"OM649977.1",135,0,0,631,614,497,514,497,631
NA,"OM649976.1",135,0,0,631,614,497,514,497,631
NA,"OM649975.1",135,0,0,631,614,497,514,497,631
NA,"OM649974.1",135,0,0,631,614,497,514,497,631
NA,"OM649973.1",135,0,0,631,614,497,514,497,631
NA,"OM649972.1",135,0,0,631,614,497,514,497,631
NA,"OM649971.1",135,0,0,631,614,497,514,497,631
NA,"OM649970.1",135,0,0,631,614,497,514,497,631
NA,"OM649969.1",135,0,0,631,614,497,514,497,631
NA,"OM649968.1",135,0,0,631,614,497,514,497,631
NA,"OM649967.1",135,0,0,631,614,497,514,497,631
NA,"OM649966.1",135,0,0,631,614,497,514,497,631
NA,"OM649965.1",135,0,0,631,614,497,514,497,631
NA,"OM649964.1",135,0,0,631,614,497,514,497,631
NA,"OM649963.1",135,0,0,631,614,497,514,497,631
NA,"OM649962.1",135,0,0,631,614,497,514,497,631
NA,"OM649961.1",135,0,0,631,614,497,514,497,631
NA,"OM649960.1",135,0,0,631,614,497,514,497,631
NA,"OM649959.1",135,0,0,631,614,497,514,497,631
NA,"OM649958.1",135,0,0,631,614,497,514,497,631
NA,"OM649957.1",135,0,0,631,614,497,514,497,631
NA,"OM649956.1",135,0,0,631,614,497,514,497,631
NA,"OM649955.1",135,0,0,631,614,497,514,497,631
NA,"OM649954.1",135,0,0,631,614,497,514,497,631
NA,"OM649953.1",135,0,0,631,614,497,514,497,631
NA,"OM649952.1",135,0,0,631,614,497,514,497,631
NA,"OM649951.1",135,0,0,631,614,497,514,497,631
NA,"OM649950.1",135,0,0,631,614,497,514,497,631
NA,"OM649949.1",135,0,0,631,614,497,514,497,631
NA,"OM649948.1",135,0,0,610,593,476,493,476,610
NA,"OX090952.1",136,0,0,83687179,83687196,83687314,83687297,83687179,83687314
NA,"LC717563.1",135,0,0,499,482,365,382,365,499
NA,"LC717562.1",135,0,0,502,485,368,385,368,502
NA,"LC717561.1",135,0,0,501,484,367,384,367,501
NA,"LC717560.1",134,0,0,504,487,371,388,371,504
NA,"LC717559.1",134,0,0,504,487,371,388,371,504
NA,"LC717558.1",134,0,0,504,487,371,388,371,504
NA,"LC717556.1",135,0,0,501,484,367,384,367,501
NA,"LC717555.1",135,0,0,501,484,367,384,367,501
NA,"LC717554.1",135,0,0,501,484,367,384,367,501
NA,"LC717553.1",135,0,0,501,484,367,384,367,501
NA,"LC717552.1",135,0,0,501,484,367,384,367,501
NA,"LC717551.1",135,0,0,501,484,367,384,367,501
NA,"LC717550.1",132,0,0,498,481,367,384,367,498
NA,"LC717549.1",136,0,0,504,487,369,386,369,504
NA,"LC717548.1",136,0,0,504,487,369,386,369,504
NA,"LC717547.1",135,0,0,500,483,366,383,366,500
NA,"LC717546.1",135,0,0,504,487,370,387,370,504
NA,"LC717545.1",134,0,0,503,486,370,387,370,503
NA,"LC717544.1",135,0,0,490,473,356,373,356,490
NA,"LC717543.1",135,0,0,500,483,366,383,366,500
NA,"LC717542.1",136,0,0,503,486,368,385,368,503
NA,"LC717541.1",136,0,0,504,487,369,386,369,504
NA,"LC717540.1",135,0,0,502,485,368,385,368,502
NA,"LC717539.1",135,0,0,502,485,368,385,368,502
NA,"LC717538.1",136,0,0,506,489,371,388,371,506
NA,"LC717537.1",136,0,0,506,489,371,388,371,506
NA,"LC717536.1",133,0,0,502,485,370,387,370,502
NA,"LC717535.1",132,0,0,498,481,367,384,367,498
NA,"LC717534.1",132,0,0,498,481,367,384,367,498
NA,"LC717533.1",135,0,0,503,486,369,386,369,503
NA,"LC717532.1",135,0,0,503,486,369,386,369,503
NA,"LC717531.1",136,0,0,504,487,369,386,369,504
NA,"LC717530.1",136,0,0,504,487,369,386,369,504
NA,"LC717528.1",135,0,0,497,480,363,380,363,497
NA,"LC717527.1",136,0,0,503,486,368,385,368,503
NA,"LC717526.1",135,0,0,502,485,368,385,368,502
NA,"LC717525.1",134,0,0,542,525,409,426,409,542
NA,"LC717524.1",135,0,0,501,484,367,384,367,501
NA,"LC717523.1",135,0,0,500,483,366,383,366,500
NA,"LC717522.1",135,0,0,502,485,368,385,368,502
NA,"LC717521.1",133,0,0,501,484,369,386,369,501
NA,"LC717520.1",136,0,0,503,486,368,385,368,503
NA,"LC717519.1",136,0,0,503,486,368,385,368,503
NA,"LC717518.1",136,0,0,503,486,368,385,368,503
NA,"LC717517.1",134,0,0,506,489,373,390,373,506
NA,"LC717516.1",134,0,0,510,493,377,394,377,510
NA,"LC715365.1",137,0,0,662,645,526,543,526,662
NA,"LC278210.3",135,0,0,532,515,398,415,398,532
NA,"LC579194.2",137,0,0,503,486,367,384,367,503
NA,"LC340230.2",137,0,0,504,487,368,385,368,504
NA,"LC499443.2",135,0,0,503,486,369,386,369,503
NA,"LC499441.2",135,0,0,502,485,368,385,368,502
NA,"LC499436.2",135,0,0,501,484,367,384,367,501
NA,"LC499435.2",135,0,0,502,485,368,385,368,502
NA,"MZ269266.1",135,0,0,631,614,497,514,497,631
NA,"NC_065133.1",135,0,0,631,614,497,514,497,631
NA,"NC_065120.1",134,0,0,630,613,497,514,497,630
NA,"NC_065113.1",135,0,0,630,613,496,513,496,630
NA,"NC_065097.1",133,0,0,633,616,501,518,501,633
NA,"MZ272452.1",133,0,0,633,616,501,518,501,633
NA,"NC_065096.1",133,0,0,632,615,500,517,500,632
NA,"NC_065093.1",136,0,0,636,619,501,518,501,636
NA,"ON860608.1",135,0,0,281,264,147,164,147,281
NA,"ON860605.1",135,0,0,382,365,248,265,248,382
NA,"ON860606.1",135,0,0,294,277,160,177,160,294
NA,"ON860604.1",135,0,0,292,275,158,175,158,292
NA,"ON856536.1",135,0,0,293,276,159,176,159,293
NA,"NC_065086.1",138,0,0,638,621,501,518,501,638
NA,"MZ131569.1",135,0,0,627,610,493,510,493,627
NA,"NC_065085.1",135,0,0,626,609,492,509,492,626
NA,"NC_065084.1",135,0,0,628,611,494,511,494,628
NA,"MZ131566.1",136,0,0,628,611,493,510,493,628
NA,"NC_065083.1",135,0,0,628,611,494,511,494,628
NA,"NC_065082.1",135,0,0,629,612,495,512,495,629
NA,"MZ131563.1",135,0,0,630,613,496,513,496,630
NA,"MZ131562.1",135,0,0,631,614,497,514,497,631
NA,"MZ131561.1",135,0,0,627,610,493,510,493,627
NA,"MZ131560.1",135,0,0,631,614,497,514,497,631
NA,"NC_065081.1",135,0,0,625,608,491,508,491,625
NA,"MZ131558.1",135,0,0,622,605,488,505,488,622
NA,"NC_065080.1",135,0,0,628,611,494,511,494,628
NA,"NC_065079.1",135,0,0,631,614,497,514,497,631
NA,"NC_065078.1",135,0,0,628,611,494,511,494,628
NA,"MZ131554.1",135,0,0,628,611,494,511,494,628
NA,"NC_065077.1",135,0,0,628,611,494,511,494,628
NA,"NC_065076.1",135,0,0,628,611,494,511,494,628
NA,"MZ131551.1",135,0,0,629,612,495,512,495,629
NA,"NC_065075.1",135,0,0,629,612,495,512,495,629
NA,"NC_065074.1",135,0,0,627,610,493,510,493,627
NA,"NC_065073.1",135,0,0,627,610,493,510,493,627
NA,"NC_065072.1",135,0,0,626,609,492,509,492,626
NA,"NC_065071.1",135,0,0,627,610,493,510,493,627
NA,"MZ131545.1",135,0,0,630,613,496,513,496,630
NA,"OX090971.1",136,0,0,1004,987,869,886,869,1004
NA,"OX090939.1",136,0,0,1004,987,869,886,869,1004
NA,"OX090929.1",136,0,0,42604262,42604245,42604127,42604144,42604127,42604262
NA,"OX090920.1",136,0,0,71505643,71505626,71505508,71505525,71505508,71505643
NA,"MZ221752.1",136,0,0,633,616,498,515,498,633
NA,"NC_065826.1",135,0,1,10483,10500,10617,10600,10483,10617
NA,"MZ779013.1",135,0,1,10483,10500,10617,10600,10483,10617
NA,"MZ779012.1",135,0,1,10646,10663,10780,10763,10646,10780
NA,"MZ779011.1",135,0,1,9839,9856,9973,9956,9839,9973
NA,"MW625809.1",134,0,1,632,615,499,516,499,632
NA,"MW625808.1",134,0,1,634,617,501,518,501,634
NA,"MW625806.1",134,0,1,632,615,499,516,499,632
NA,"OK507009.1",135,0,1,569,552,435,452,435,569
NA,"OK507008.1",135,0,1,569,552,435,452,435,569
NA,"OK507007.1",135,0,1,569,552,435,452,435,569
NA,"LC726203.1",135,1,0,498,481,364,381,364,498
NA,"NC_065828.1",136,1,0,634,617,499,516,499,634
NA,"NC_065827.1",136,1,0,636,619,501,518,501,636
NA,"NC_065813.1",128,0,1,624,607,497,514,497,624
NA,"NC_065679.1",136,1,0,633,616,498,515,498,633
NA,"NC_065678.1",136,1,0,630,613,495,512,495,630
NA,"ON859169.1",122,1,0,498,481,377,394,377,498
NA,"ON859168.1",122,1,0,498,481,377,394,377,498
NA,"ON859167.1",122,1,0,498,481,377,394,377,498
NA,"ON859166.1",122,1,0,498,481,377,394,377,498
NA,"ON859165.1",122,1,0,498,481,377,394,377,498
NA,"ON859164.1",122,1,0,499,482,378,395,378,499
NA,"ON859159.1",122,1,0,498,481,377,394,377,498
NA,"ON859158.1",122,1,0,498,481,377,394,377,498
NA,"ON859157.1",122,1,0,493,476,372,389,372,493
NA,"ON859156.1",122,1,0,498,481,377,394,377,498
NA,"ON859155.1",122,1,0,498,481,377,394,377,498
NA,"ON859154.1",122,1,0,498,481,377,394,377,498
NA,"ON859153.1",122,1,0,498,481,377,394,377,498
NA,"ON859152.1",122,1,0,498,481,377,394,377,498
NA,"ON859151.1",122,1,0,498,481,377,394,377,498
NA,"ON859150.1",122,1,0,498,481,377,394,377,498
NA,"ON859149.1",122,1,0,498,481,377,394,377,498
NA,"ON859148.1",122,1,0,498,481,377,394,377,498
NA,"ON859147.1",122,1,0,498,481,377,394,377,498
NA,"ON859146.1",122,1,0,498,481,377,394,377,498
NA,"ON859142.1",122,1,0,498,481,377,394,377,498
NA,"ON859141.1",124,1,0,501,484,378,395,378,501
NA,"LC723809.1",132,1,0,498,481,367,384,367,498
NA,"LC723786.1",136,1,0,500,483,365,382,365,500
NA,"OX258970.1",136,1,0,1959910,1959927,1960045,1960028,1959910,1960045
NA,"OM062614.1",136,1,0,1207,1190,1072,1089,1072,1207
NA,"OP046169.1",131,1,0,141,124,11,28,11,141
NA,"OP046168.1",131,1,0,141,124,11,28,11,141
NA,"OP046167.1",131,1,0,141,124,11,28,11,141
NA,"OP046166.1",131,1,0,140,123,10,27,10,140
NA,"OP046165.1",131,1,0,141,124,11,28,11,141
NA,"OP046164.1",131,1,0,139,122,9,26,9,139
NA,"OP046163.1",131,1,0,141,124,11,28,11,141
NA,"OP046162.1",131,1,0,140,123,10,27,10,140
NA,"OP046161.1",131,1,0,141,124,11,28,11,141
NA,"OP046160.1",131,1,0,141,124,11,28,11,141
NA,"OP046159.1",131,1,0,141,124,11,28,11,141
NA,"OP046158.1",131,1,0,141,124,11,28,11,141
NA,"OP046157.1",131,1,0,142,125,12,29,12,142
NA,"OP046156.1",131,1,0,139,122,9,26,9,139
NA,"OP046155.1",131,1,0,141,124,11,28,11,141
NA,"OP046154.1",131,1,0,141,124,11,28,11,141
NA,"OP046153.1",131,1,0,141,124,11,28,11,141
NA,"OP046152.1",131,1,0,140,123,10,27,10,140
NA,"OP046151.1",131,1,0,141,124,11,28,11,141
NA,"OP046149.1",131,1,0,141,124,11,28,11,141
NA,"OP046148.1",131,1,0,141,124,11,28,11,141
NA,"OP046147.1",131,1,0,141,124,11,28,11,141
NA,"OP046146.1",131,1,0,141,124,11,28,11,141
NA,"OP046145.1",131,1,0,140,123,10,27,10,140
NA,"OP046144.1",131,1,0,141,124,11,28,11,141
NA,"OP046143.1",131,1,0,141,124,11,28,11,141
NA,"OP046142.1",131,1,0,141,124,11,28,11,141
NA,"OP046141.1",131,1,0,140,123,10,27,10,140
NA,"OP046140.1",131,1,0,139,122,9,26,9,139
NA,"OP046139.1",131,1,0,141,124,11,28,11,141
NA,"OP046138.1",131,1,0,139,122,9,26,9,139
NA,"OP046137.1",131,1,0,141,124,11,28,11,141
NA,"OP046136.1",131,1,0,141,124,11,28,11,141
NA,"OP046135.1",131,1,0,141,124,11,28,11,141
NA,"OP046134.1",131,1,0,141,124,11,28,11,141
NA,"OP046132.1",131,1,0,140,123,10,27,10,140
NA,"OP046131.1",131,1,0,141,124,11,28,11,141
NA,"OP046130.1",131,1,0,139,122,9,26,9,139
NA,"OP046129.1",131,1,0,137,120,7,24,7,137
NA,"OP046128.1",131,1,0,141,124,11,28,11,141
NA,"OP046127.1",131,1,0,141,124,11,28,11,141
NA,"OP046126.1",131,1,0,137,120,7,24,7,137
NA,"OP046125.1",131,1,0,136,119,6,23,6,136
NA,"OP046124.1",131,1,0,141,124,11,28,11,141
NA,"OP046123.1",131,1,0,139,122,9,26,9,139
NA,"OP046122.1",131,1,0,141,124,11,28,11,141
NA,"OP046121.1",131,1,0,141,124,11,28,11,141
NA,"OP046120.1",131,1,0,141,124,11,28,11,141
NA,"OP046119.1",131,1,0,141,124,11,28,11,141
NA,"OP046118.1",131,1,0,137,120,7,24,7,137
NA,"OP046117.1",131,1,0,141,124,11,28,11,141
NA,"OP046116.1",131,1,0,141,124,11,28,11,141
NA,"OP046115.1",131,1,0,141,124,11,28,11,141
NA,"OP046114.1",131,1,0,141,124,11,28,11,141
NA,"OP046113.1",131,1,0,139,122,9,26,9,139
NA,"OP046112.1",131,1,0,141,124,11,28,11,141
NA,"OP046111.1",131,1,0,141,124,11,28,11,141
NA,"OP046110.1",131,1,0,141,124,11,28,11,141
NA,"MZ709305.1",133,1,0,624,607,492,509,492,624
NA,"MZ709303.1",132,0,1,622,605,491,508,491,622
NA,"MZ709295.1",135,1,0,624,607,490,507,490,624
NA,"MZ475297.1",136,1,0,1211,1194,1076,1093,1076,1211
NA,"MZ475296.1",136,1,0,1211,1194,1076,1093,1076,1211
NA,"MZ475295.1",136,1,0,1211,1194,1076,1093,1076,1211
NA,"MZ475294.1",136,1,0,1211,1194,1076,1093,1076,1211
NA,"MZ475293.1",136,1,0,1211,1194,1076,1093,1076,1211
NA,"MZ475292.1",136,1,0,1211,1194,1076,1093,1076,1211
NA,"MZ475291.1",136,1,0,1211,1194,1076,1093,1076,1211
NA,"MZ475290.1",136,1,0,1211,1194,1076,1093,1076,1211
NA,"MZ447814.1",135,1,0,628,611,494,511,494,628
NA,"MZ447813.1",135,1,0,633,616,499,516,499,633
NA,"LC720452.1",134,1,0,501,484,368,385,368,501
NA,"LC720450.1",136,1,0,502,485,367,384,367,502
NA,"LC720447.1",135,1,0,501,484,367,384,367,501
NA,"LC720444.1",135,1,0,502,485,368,385,368,502
NA,"ON597814.1",136,1,0,1212,1195,1077,1094,1077,1212
NA,"ON597813.1",136,1,0,1214,1197,1079,1096,1079,1214
NA,"ON597812.1",136,1,0,1212,1195,1077,1094,1077,1212
NA,"ON597811.1",136,1,0,1212,1195,1077,1094,1077,1212
NA,"ON597810.1",136,1,0,1212,1195,1077,1094,1077,1212
NA,"ON597809.1",136,1,0,1212,1195,1077,1094,1077,1212
NA,"ON597808.1",136,1,0,1212,1195,1077,1094,1077,1212
NA,"ON597807.1",136,1,0,1212,1195,1077,1094,1077,1212
NA,"ON597806.1",136,1,0,1212,1195,1077,1094,1077,1212
NA,"ON597805.1",136,1,0,1212,1195,1077,1094,1077,1212
NA,"ON597804.1",136,1,0,1212,1195,1077,1094,1077,1212
NA,"ON597803.1",136,1,0,1212,1195,1077,1094,1077,1212
NA,"ON597802.1",136,1,0,1212,1195,1077,1094,1077,1212
NA,"ON597801.1",136,1,0,1212,1195,1077,1094,1077,1212
NA,"ON597800.1",136,1,0,1212,1195,1077,1094,1077,1212
NA,"ON597799.1",136,1,0,1212,1195,1077,1094,1077,1212
NA,"ON597798.1",136,1,0,1212,1195,1077,1094,1077,1212
NA,"ON597797.1",136,1,0,1212,1195,1077,1094,1077,1212
NA,"ON597796.1",136,1,0,1212,1195,1077,1094,1077,1212
NA,"ON597795.1",136,1,0,1212,1195,1077,1094,1077,1212
NA,"ON597794.1",136,1,0,1212,1195,1077,1094,1077,1212
NA,"ON597793.1",136,1,0,1212,1195,1077,1094,1077,1212
NA,"ON597792.1",136,1,0,1213,1196,1078,1095,1078,1213
NA,"ON597791.1",136,1,0,1212,1195,1077,1094,1077,1212
NA,"ON597790.1",136,1,0,1212,1195,1077,1094,1077,1212
NA,"ON597789.1",136,1,0,1212,1195,1077,1094,1077,1212
NA,"ON597788.1",136,1,0,1212,1195,1077,1094,1077,1212
NA,"ON597787.1",136,1,0,1212,1195,1077,1094,1077,1212
NA,"ON597786.1",136,1,0,1212,1195,1077,1094,1077,1212
NA,"ON597785.1",136,1,0,1212,1195,1077,1094,1077,1212
NA,"ON597784.1",136,1,0,1212,1195,1077,1094,1077,1212
NA,"ON597783.1",136,1,0,1212,1195,1077,1094,1077,1212
NA,"ON597782.1",136,1,0,1212,1195,1077,1094,1077,1212
NA,"ON597781.1",136,1,0,1212,1195,1077,1094,1077,1212
NA,"ON597780.1",136,1,0,1212,1195,1077,1094,1077,1212
NA,"ON597779.1",136,1,0,1212,1195,1077,1094,1077,1212
NA,"ON597778.1",136,1,0,1212,1195,1077,1094,1077,1212
NA,"ON597777.1",136,1,0,1212,1195,1077,1094,1077,1212
NA,"ON597776.1",136,1,0,1212,1195,1077,1094,1077,1212
NA,"ON597775.1",136,1,0,1212,1195,1077,1094,1077,1212
NA,"ON597774.1",136,1,0,1213,1196,1078,1095,1078,1213
NA,"ON597773.1",136,1,0,1212,1195,1077,1094,1077,1212
NA,"ON597772.1",136,1,0,1213,1196,1078,1095,1078,1213
NA,"ON597771.1",136,1,0,1212,1195,1077,1094,1077,1212
NA,"ON597770.1",136,1,0,1212,1195,1077,1094,1077,1212
NA,"ON597769.1",136,1,0,1212,1195,1077,1094,1077,1212
NA,"ON597768.1",136,1,0,1212,1195,1077,1094,1077,1212
NA,"ON597767.1",136,1,0,1212,1195,1077,1094,1077,1212
NA,"ON597766.1",136,1,0,1213,1196,1078,1095,1078,1213
NA,"ON597765.1",136,1,0,1212,1195,1077,1094,1077,1212
NA,"ON597764.1",136,1,0,1212,1195,1077,1094,1077,1212
NA,"ON597763.1",136,1,0,1212,1195,1077,1094,1077,1212
NA,"ON597762.1",136,1,0,1212,1195,1077,1094,1077,1212
NA,"ON597761.1",136,1,0,1212,1195,1077,1094,1077,1212
NA,"ON597760.1",136,1,0,1212,1195,1077,1094,1077,1212
NA,"ON597759.1",136,1,0,1212,1195,1077,1094,1077,1212
NA,"ON597758.1",136,1,0,1212,1195,1077,1094,1077,1212
NA,"ON597757.1",136,1,0,1212,1195,1077,1094,1077,1212
NA,"ON597756.1",136,1,0,1212,1195,1077,1094,1077,1212
NA,"ON597755.1",136,1,0,1212,1195,1077,1094,1077,1212
NA,"ON597754.1",136,1,0,1212,1195,1077,1094,1077,1212
NA,"ON597753.1",136,1,0,1212,1195,1077,1094,1077,1212
NA,"ON597752.1",136,1,0,1212,1195,1077,1094,1077,1212
NA,"ON597751.1",136,1,0,1212,1195,1077,1094,1077,1212
NA,"ON597750.1",136,1,0,1212,1195,1077,1094,1077,1212
NA,"ON597749.1",136,1,0,1212,1195,1077,1094,1077,1212
NA,"ON597748.1",136,1,0,1212,1195,1077,1094,1077,1212
NA,"ON597747.1",136,1,0,1212,1195,1077,1094,1077,1212
NA,"ON597746.1",136,1,0,1212,1195,1077,1094,1077,1212
NA,"ON597745.1",136,1,0,1212,1195,1077,1094,1077,1212
NA,"ON597744.1",136,1,0,1212,1195,1077,1094,1077,1212
NA,"ON597743.1",136,1,0,1212,1195,1077,1094,1077,1212
NA,"ON597742.1",136,1,0,1212,1195,1077,1094,1077,1212
NA,"ON597741.1",136,1,0,1212,1195,1077,1094,1077,1212
NA,"ON597740.1",136,1,0,1212,1195,1077,1094,1077,1212
NA,"ON597739.1",136,1,0,1212,1195,1077,1094,1077,1212
NA,"ON597738.1",136,1,0,1212,1195,1077,1094,1077,1212
NA,"ON597737.1",136,1,0,1212,1195,1077,1094,1077,1212
NA,"ON597736.1",136,1,0,1212,1195,1077,1094,1077,1212
NA,"ON597735.1",136,1,0,1212,1195,1077,1094,1077,1212
NA,"ON597734.1",136,1,0,1212,1195,1077,1094,1077,1212
NA,"ON597733.1",136,1,0,1212,1195,1077,1094,1077,1212
NA,"ON597732.1",136,1,0,1212,1195,1077,1094,1077,1212
NA,"ON597731.1",136,1,0,1212,1195,1077,1094,1077,1212
NA,"ON597730.1",136,1,0,1212,1195,1077,1094,1077,1212
NA,"ON597729.1",136,1,0,1212,1195,1077,1094,1077,1212
NA,"ON597728.1",136,1,0,1212,1195,1077,1094,1077,1212
NA,"ON597727.1",136,1,0,1212,1195,1077,1094,1077,1212
NA,"ON597726.1",136,1,0,1212,1195,1077,1094,1077,1212
NA,"ON597725.1",136,1,0,1212,1195,1077,1094,1077,1212
NA,"ON597724.1",136,1,0,1213,1196,1078,1095,1078,1213
NA,"ON597723.1",136,1,0,1212,1195,1077,1094,1077,1212
NA,"ON597722.1",136,1,0,1212,1195,1077,1094,1077,1212
NA,"ON597721.1",136,1,0,1212,1195,1077,1094,1077,1212
NA,"ON597720.1",136,1,0,1213,1196,1078,1095,1078,1213
NA,"ON597719.1",136,1,0,1212,1195,1077,1094,1077,1212
NA,"ON597718.1",136,1,0,1212,1195,1077,1094,1077,1212
NA,"ON597717.1",136,1,0,1212,1195,1077,1094,1077,1212
NA,"ON597716.1",136,1,0,1212,1195,1077,1094,1077,1212
NA,"ON597715.1",136,1,0,1212,1195,1077,1094,1077,1212
NA,"ON597714.1",136,1,0,1212,1195,1077,1094,1077,1212
NA,"ON597713.1",136,1,0,1212,1195,1077,1094,1077,1212
NA,"ON597712.1",136,1,0,1212,1195,1077,1094,1077,1212
NA,"ON597711.1",136,1,0,1212,1195,1077,1094,1077,1212
NA,"ON597710.1",136,1,0,1212,1195,1077,1094,1077,1212
NA,"ON597709.1",136,1,0,1212,1195,1077,1094,1077,1212
NA,"ON597708.1",136,1,0,1212,1195,1077,1094,1077,1212
NA,"ON597707.1",136,1,0,1212,1195,1077,1094,1077,1212
NA,"ON597706.1",136,1,0,1212,1195,1077,1094,1077,1212
NA,"ON597705.1",136,1,0,1212,1195,1077,1094,1077,1212
NA,"ON597704.1",136,1,0,1212,1195,1077,1094,1077,1212
NA,"ON597703.1",136,1,0,1212,1195,1077,1094,1077,1212
NA,"ON597702.1",136,1,0,1212,1195,1077,1094,1077,1212
NA,"ON597701.1",136,1,0,1212,1195,1077,1094,1077,1212
NA,"ON597700.1",136,1,0,1212,1195,1077,1094,1077,1212
NA,"ON597699.1",136,1,0,1212,1195,1077,1094,1077,1212
NA,"ON597698.1",136,1,0,1212,1195,1077,1094,1077,1212
NA,"ON597697.1",136,1,0,1212,1195,1077,1094,1077,1212
NA,"ON597696.1",136,1,0,1212,1195,1077,1094,1077,1212
NA,"ON597695.1",136,1,0,1212,1195,1077,1094,1077,1212
NA,"ON597694.1",136,1,0,1212,1195,1077,1094,1077,1212
NA,"ON597693.1",136,1,0,1212,1195,1077,1094,1077,1212
NA,"ON597692.1",136,1,0,1212,1195,1077,1094,1077,1212
NA,"ON597691.1",136,1,0,1212,1195,1077,1094,1077,1212
NA,"ON597690.1",136,1,0,1212,1195,1077,1094,1077,1212
NA,"ON597689.1",136,1,0,1212,1195,1077,1094,1077,1212
NA,"ON597688.1",136,1,0,1212,1195,1077,1094,1077,1212
NA,"ON597687.1",136,1,0,1212,1195,1077,1094,1077,1212
NA,"ON597686.1",136,1,0,1212,1195,1077,1094,1077,1212
NA,"ON597685.1",136,1,0,1212,1195,1077,1094,1077,1212
NA,"ON597684.1",136,1,0,1213,1196,1078,1095,1078,1213
NA,"ON597683.1",136,1,0,1212,1195,1077,1094,1077,1212
NA,"ON597682.1",136,1,0,1214,1197,1079,1096,1079,1214
NA,"ON597681.1",136,1,0,1213,1196,1078,1095,1078,1213
NA,"ON597680.1",136,1,0,1213,1196,1078,1095,1078,1213
NA,"ON597679.1",136,1,0,1213,1196,1078,1095,1078,1213
NA,"ON597678.1",136,1,0,1214,1197,1079,1096,1079,1214
NA,"ON597677.1",136,1,0,1213,1196,1078,1095,1078,1213
NA,"ON597676.1",136,1,0,1213,1196,1078,1095,1078,1213
NA,"ON597675.1",136,1,0,1213,1196,1078,1095,1078,1213
NA,"ON597674.1",136,1,0,1213,1196,1078,1095,1078,1213
NA,"ON597673.1",136,1,0,1213,1196,1078,1095,1078,1213
NA,"ON597672.1",136,1,0,1213,1196,1078,1095,1078,1213
NA,"ON597671.1",136,1,0,1213,1196,1078,1095,1078,1213
NA,"ON597670.1",136,1,0,1212,1195,1077,1094,1077,1212
NA,"ON597669.1",136,1,0,1212,1195,1077,1094,1077,1212
NA,"ON597668.1",136,1,0,1214,1197,1079,1096,1079,1214
NA,"ON597667.1",136,1,0,1212,1195,1077,1094,1077,1212
NA,"ON597666.1",136,1,0,1214,1197,1079,1096,1079,1214
NA,"ON597665.1",136,1,0,1214,1197,1079,1096,1079,1214
NA,"ON597664.1",136,1,0,1214,1197,1079,1096,1079,1214
NA,"ON597663.1",136,1,0,1214,1197,1079,1096,1079,1214
NA,"ON597662.1",136,1,0,1212,1195,1077,1094,1077,1212
NA,"ON597661.1",136,1,0,1212,1195,1077,1094,1077,1212
NA,"ON597660.1",136,1,0,1212,1195,1077,1094,1077,1212
NA,"ON597659.1",136,1,0,1213,1196,1078,1095,1078,1213
NA,"ON597658.1",136,1,0,1212,1195,1077,1094,1077,1212
NA,"ON597657.1",136,1,0,1213,1196,1078,1095,1078,1213
NA,"ON597656.1",136,1,0,1212,1195,1077,1094,1077,1212
NA,"ON597655.1",136,1,0,1213,1196,1078,1095,1078,1213
NA,"ON597654.1",136,1,0,1213,1196,1078,1095,1078,1213
NA,"ON597653.1",136,1,0,1214,1197,1079,1096,1079,1214
NA,"ON597652.1",136,1,0,1214,1197,1079,1096,1079,1214
NA,"ON597651.1",136,1,0,1213,1196,1078,1095,1078,1213
NA,"ON597650.1",136,1,0,1213,1196,1078,1095,1078,1213
NA,"ON597649.1",136,1,0,1213,1196,1078,1095,1078,1213
NA,"ON597648.1",136,1,0,1213,1196,1078,1095,1078,1213
NA,"ON597647.1",136,1,0,1214,1197,1079,1096,1079,1214
NA,"ON597646.1",136,1,0,1213,1196,1078,1095,1078,1213
NA,"ON597645.1",136,1,0,1213,1196,1078,1095,1078,1213
NA,"ON597644.1",136,1,0,1213,1196,1078,1095,1078,1213
NA,"ON597643.1",136,1,0,1213,1196,1078,1095,1078,1213
NA,"ON597642.1",136,1,0,1214,1197,1079,1096,1079,1214
NA,"ON597641.1",136,1,0,1213,1196,1078,1095,1078,1213
NA,"ON597640.1",136,1,0,1213,1196,1078,1095,1078,1213
NA,"ON597639.1",136,1,0,1213,1196,1078,1095,1078,1213
NA,"ON597638.1",136,1,0,1213,1196,1078,1095,1078,1213
NA,"ON597637.1",136,1,0,1213,1196,1078,1095,1078,1213
NA,"ON597636.1",136,1,0,1213,1196,1078,1095,1078,1213
NA,"ON597635.1",136,1,0,1213,1196,1078,1095,1078,1213
NA,"ON597634.1",136,1,0,1213,1196,1078,1095,1078,1213
NA,"ON597633.1",136,1,0,1213,1196,1078,1095,1078,1213
NA,"ON597632.1",136,1,0,1213,1196,1078,1095,1078,1213
NA,"ON597631.1",136,1,0,1212,1195,1077,1094,1077,1212
NA,"ON597630.1",136,1,0,1212,1195,1077,1094,1077,1212
NA,"ON597629.1",136,1,0,1214,1197,1079,1096,1079,1214
NA,"ON597628.1",136,1,0,1213,1196,1078,1095,1078,1213
NA,"ON920824.1",136,1,0,635,618,500,517,500,635
NA,"ON357737.1",136,1,0,632,615,497,514,497,632
NA,"ON357736.1",136,1,0,632,615,497,514,497,632
NA,"ON357735.1",136,1,0,632,615,497,514,497,632
NA,"ON357731.1",134,0,1,642,625,509,526,509,642
NA,"ON357725.1",136,1,0,633,616,498,515,498,633
NA,"ON321890.1",136,1,0,633,616,498,515,498,633
NA,"ON310506.1",136,1,0,630,613,495,512,495,630
NA,"LC717529.1",134,1,0,498,481,365,382,365,498
NA,"LC715360.1",135,1,0,627,610,493,510,493,627
NA,"LC496248.2",135,1,0,501,484,367,384,367,501
NA,"NC_065150.1",135,1,0,636,619,502,519,502,636
NA,"ON185661.1",135,0,1,576,559,442,459,442,576
NA,"ON185660.1",134,0,1,573,556,440,457,440,573
NA,"ON185659.1",134,0,1,576,559,443,460,443,576
NA,"ON185658.1",134,0,1,575,558,442,459,442,575
NA,"ON185657.1",134,0,1,573,556,440,457,440,573
NA,"ON185656.1",134,0,1,575,558,442,459,442,575
NA,"ON185655.1",134,0,1,575,558,442,459,442,575
NA,"ON185654.1",134,0,1,574,557,441,458,441,574
NA,"ON185653.1",135,0,1,576,559,442,459,442,576
NA,"ON185649.1",134,0,1,573,556,440,457,440,573
NA,"ON185648.1",134,0,1,573,556,440,457,440,573
NA,"ON185645.1",134,0,1,575,558,442,459,442,575
NA,"ON185644.1",134,1,0,574,557,441,458,441,574
NA,"ON185642.1",135,0,1,573,556,439,456,439,573
NA,"ON185641.1",135,0,1,574,557,440,457,440,574
NA,"ON185639.1",134,0,1,573,556,440,457,440,573
NA,"ON185638.1",134,0,1,573,556,440,457,440,573
NA,"ON185637.1",134,0,1,573,556,440,457,440,573
NA,"ON185636.1",134,0,1,572,555,439,456,439,572
NA,"ON185635.1",134,0,1,575,558,442,459,442,575
NA,"ON185634.1",134,0,1,575,558,442,459,442,575
NA,"ON185633.1",134,0,1,574,557,441,458,441,574
NA,"ON185632.1",135,0,1,573,556,439,456,439,573
NA,"ON185631.1",135,0,1,573,556,439,456,439,573
NA,"ON185629.1",135,0,1,573,556,439,456,439,573
NA,"ON185628.1",135,0,1,573,556,439,456,439,573
NA,"ON185627.1",135,0,1,576,559,442,459,442,576
NA,"ON185624.1",134,0,1,573,556,440,457,440,573
NA,"ON185623.1",134,0,1,573,556,440,457,440,573
NA,"NC_065092.1",135,1,0,631,614,497,514,497,631
NA,"ON860607.1",135,1,0,381,364,247,264,247,381
NA,"ON840104.1",134,1,0,386,369,253,270,253,386
NA,"NC_065055.1",137,0,1,643,626,507,524,507,643
NA,"OK624420.1",138,1,0,580,563,443,460,443,580
NA,"OK539458.1",138,1,0,580,563,443,460,443,580
NA,"OK539457.1",138,1,0,580,563,443,460,443,580
NA,"OK539456.1",138,1,0,580,563,443,460,443,580
NA,"OK539455.1",138,1,0,580,563,443,460,443,580
NA,"OK539454.1",138,1,0,580,563,443,460,443,580
NA,"OK539453.1",138,1,0,580,563,443,460,443,580
NA,"OK539452.1",138,1,0,580,563,443,460,443,580
NA,"OK539451.1",138,1,0,580,563,443,460,443,580
NA,"OK539450.1",138,1,0,580,563,443,460,443,580
NA,"OK539449.1",138,1,0,580,563,443,460,443,580
NA,"OK539448.1",138,1,0,580,563,443,460,443,580
NA,"OK539447.1",138,1,0,580,563,443,460,443,580
NA,"OK539446.1",138,1,0,580,563,443,460,443,580
NA,"OK539445.1",138,1,0,580,563,443,460,443,580
NA,"OK539444.1",138,1,0,580,563,443,460,443,580
NA,"OK539443.1",138,1,0,580,563,443,460,443,580
NA,"OK539442.1",138,1,0,580,563,443,460,443,580
NA,"OK539441.1",138,1,0,580,563,443,460,443,580
NA,"OK539440.1",138,1,0,580,563,443,460,443,580
NA,"OK539439.1",138,1,0,580,563,443,460,443,580
NA,"OK539438.1",138,1,0,580,563,443,460,443,580
NA,"OK539437.1",138,1,0,580,563,443,460,443,580
NA,"OK539436.1",138,1,0,580,563,443,460,443,580
NA,"OK539435.1",138,1,0,580,563,443,460,443,580
NA,"OK539434.1",138,1,0,580,563,443,460,443,580
NA,"OK539433.1",138,1,0,580,563,443,460,443,580
NA,"OK539432.1",138,1,0,580,563,443,460,443,580
NA,"OK539431.1",138,1,0,580,563,443,460,443,580
NA,"OK539430.1",138,1,0,580,563,443,460,443,580
NA,"OK539429.1",138,1,0,580,563,443,460,443,580
NA,"OK539428.1",138,1,0,580,563,443,460,443,580
NA,"OK539427.1",138,1,0,580,563,443,460,443,580
NA,"OK539426.1",138,1,0,580,563,443,460,443,580
NA,"OK539425.1",138,1,0,580,563,443,460,443,580
NA,"OK539424.1",138,1,0,580,563,443,460,443,580
NA,"OK539423.1",138,1,0,580,563,443,460,443,580
NA,"OK539422.1",138,1,0,580,563,443,460,443,580
NA,"OK539421.1",138,1,0,580,563,443,460,443,580
NA,"OK539420.1",138,1,0,580,563,443,460,443,580
NA,"OK539419.1",138,1,0,580,563,443,460,443,580
NA,"OK539418.1",138,1,0,580,563,443,460,443,580
NA,"OK539417.1",138,1,0,580,563,443,460,443,580
NA,"OK539416.1",138,1,0,580,563,443,460,443,580
NA,"OK539415.1",138,1,0,580,563,443,460,443,580
NA,"OK539414.1",138,1,0,580,563,443,460,443,580
NA,"OK539413.1",138,1,0,580,563,443,460,443,580
NA,"OK539412.1",138,1,0,580,563,443,460,443,580
NA,"OK539411.1",138,1,0,580,563,443,460,443,580
NA,"OK539410.1",138,1,0,580,563,443,460,443,580
NA,"OK539409.1",138,1,0,580,563,443,460,443,580
NA,"OK539408.1",138,1,0,580,563,443,460,443,580
NA,"OK539407.1",138,1,0,580,563,443,460,443,580
NA,"OK539406.1",138,1,0,580,563,443,460,443,580
NA,"OK539405.1",138,1,0,580,563,443,460,443,580
NA,"OK539404.1",138,1,0,580,563,443,460,443,580
NA,"OK539403.1",138,1,0,580,563,443,460,443,580
NA,"OK539402.1",138,1,0,580,563,443,460,443,580
NA,"OK539401.1",138,1,0,580,563,443,460,443,580
NA,"OK539400.1",138,1,0,580,563,443,460,443,580
NA,"OK539399.1",138,1,0,580,563,443,460,443,580
NA,"OK539398.1",138,1,0,580,563,443,460,443,580
NA,"OK539397.1",138,1,0,580,563,443,460,443,580
NA,"OK539396.1",138,1,0,580,563,443,460,443,580
NA,"OK539395.1",138,1,0,580,563,443,460,443,580
NA,"OK539394.1",138,1,0,580,563,443,460,443,580
NA,"OK539393.1",138,1,0,580,563,443,460,443,580
NA,"OK539392.1",138,1,0,580,563,443,460,443,580
NA,"OK539391.1",138,1,0,580,563,443,460,443,580
NA,"OK539390.1",138,1,0,580,563,443,460,443,580
NA,"OK539389.1",138,1,0,580,563,443,460,443,580
NA,"OK539388.1",138,1,0,580,563,443,460,443,580
NA,"OK539387.1",138,1,0,580,563,443,460,443,580
NA,"OK539386.1",138,1,0,580,563,443,460,443,580
NA,"OK539385.1",138,1,0,580,563,443,460,443,580
NA,"OK539384.1",138,1,0,580,563,443,460,443,580
NA,"OK539383.1",138,1,0,580,563,443,460,443,580
NA,"OK539382.1",138,1,0,580,563,443,460,443,580
NA,"OK539381.1",138,1,0,580,563,443,460,443,580
NA,"OK539380.1",138,1,0,580,563,443,460,443,580
NA,"OK539379.1",138,1,0,580,563,443,460,443,580
NA,"OK539378.1",138,1,0,580,563,443,460,443,580
NA,"OK539377.1",138,1,0,580,563,443,460,443,580
NA,"OK539376.1",138,1,0,580,563,443,460,443,580
NA,"OK539375.1",138,1,0,580,563,443,460,443,580
NA,"OK539374.1",138,1,0,580,563,443,460,443,580
NA,"OK539373.1",138,1,0,580,563,443,460,443,580
NA,"OK539372.1",138,1,0,580,563,443,460,443,580
NA,"OK539371.1",138,1,0,580,563,443,460,443,580
NA,"OK539370.1",138,1,0,580,563,443,460,443,580
NA,"OK539369.1",138,1,0,580,563,443,460,443,580
NA,"OK539368.1",138,1,0,580,563,443,460,443,580
NA,"OK539367.1",138,1,0,580,563,443,460,443,580
NA,"OK539366.1",138,1,0,580,563,443,460,443,580
NA,"OK539365.1",138,1,0,580,563,443,460,443,580
NA,"OK539364.1",138,1,0,580,563,443,460,443,580
NA,"OK539363.1",138,1,0,580,563,443,460,443,580
NA,"OK539362.1",138,1,0,580,563,443,460,443,580
NA,"OK539361.1",138,1,0,580,563,443,460,443,580
NA,"OK539360.1",138,1,0,580,563,443,460,443,580
NA,"OK539359.1",138,1,0,580,563,443,460,443,580
NA,"OK539358.1",138,1,0,580,563,443,460,443,580
NA,"OK539357.1",138,1,0,580,563,443,460,443,580
NA,"OK539356.1",138,1,0,580,563,443,460,443,580
NA,"OK539355.1",138,1,0,580,563,443,460,443,580
NA,"OK539354.1",138,1,0,580,563,443,460,443,580
NA,"OK539353.1",138,1,0,580,563,443,460,443,580
NA,"OK539352.1",138,1,0,580,563,443,460,443,580
NA,"OK539351.1",138,1,0,580,563,443,460,443,580
NA,"OK539350.1",138,1,0,580,563,443,460,443,580
NA,"OK539349.1",138,1,0,580,563,443,460,443,580
NA,"OK539348.1",138,1,0,580,563,443,460,443,580
NA,"OK539347.1",138,1,0,580,563,443,460,443,580
NA,"OK539346.1",138,1,0,580,563,443,460,443,580
NA,"OK539345.1",138,1,0,580,563,443,460,443,580
NA,"OK539344.1",138,1,0,580,563,443,460,443,580
NA,"OK539343.1",138,1,0,580,563,443,460,443,580
NA,"OK539342.1",138,1,0,580,563,443,460,443,580
NA,"OK539341.1",138,1,0,580,563,443,460,443,580
NA,"OK539340.1",138,1,0,580,563,443,460,443,580
NA,"OK539339.1",138,1,0,580,563,443,460,443,580
NA,"OK539338.1",138,1,0,580,563,443,460,443,580
NA,"OK539337.1",138,1,0,580,563,443,460,443,580
NA,"OK539336.1",138,1,0,580,563,443,460,443,580
NA,"OK539335.1",138,1,0,580,563,443,460,443,580
NA,"OK539334.1",138,1,0,580,563,443,460,443,580
NA,"OK539333.1",138,1,0,580,563,443,460,443,580
NA,"OK539332.1",138,1,0,580,563,443,460,443,580
NA,"OK539331.1",138,1,0,580,563,443,460,443,580
NA,"OK539330.1",138,1,0,580,563,443,460,443,580
NA,"OK539329.1",138,1,0,580,563,443,460,443,580
NA,"OK539328.1",138,1,0,580,563,443,460,443,580
NA,"OK539327.1",138,1,0,580,563,443,460,443,580
NA,"OK539326.1",138,1,0,580,563,443,460,443,580
NA,"OK539325.1",138,1,0,580,563,443,460,443,580
NA,"OK539324.1",138,1,0,580,563,443,460,443,580
NA,"OK539323.1",138,1,0,580,563,443,460,443,580
NA,"OK539322.1",138,1,0,580,563,443,460,443,580
NA,"OK539321.1",138,1,0,580,563,443,460,443,580
NA,"OK539320.1",138,1,0,580,563,443,460,443,580
NA,"OK539319.1",138,1,0,580,563,443,460,443,580
NA,"OK539318.1",138,1,0,580,563,443,460,443,580
NA,"OK539317.1",138,1,0,580,563,443,460,443,580
NA,"OK539316.1",138,1,0,580,563,443,460,443,580
NA,"OK539315.1",138,1,0,580,563,443,460,443,580
NA,"OK539314.1",138,1,0,580,563,443,460,443,580
NA,"OK539313.1",138,1,0,580,563,443,460,443,580
NA,"OK539312.1",138,1,0,580,563,443,460,443,580
NA,"OK539311.1",138,1,0,580,563,443,460,443,580
NA,"OK539310.1",138,1,0,580,563,443,460,443,580
NA,"OK539309.1",138,1,0,580,563,443,460,443,580
NA,"OK539308.1",138,1,0,580,563,443,460,443,580
NA,"OK539307.1",138,1,0,580,563,443,460,443,580
NA,"OK539306.1",138,1,0,580,563,443,460,443,580
NA,"OK539305.1",138,1,0,580,563,443,460,443,580
NA,"OK539304.1",138,1,0,580,563,443,460,443,580
NA,"OK539303.1",138,1,0,580,563,443,460,443,580
NA,"OK539302.1",138,1,0,580,563,443,460,443,580
NA,"OK539301.1",138,1,0,580,563,443,460,443,580
NA,"OK539300.1",138,1,0,580,563,443,460,443,580
NA,"OK539299.1",138,1,0,580,563,443,460,443,580
NA,"OK539298.1",138,1,0,580,563,443,460,443,580
NA,"OK539297.1",138,1,0,580,563,443,460,443,580
NA,"OK539296.1",138,1,0,580,563,443,460,443,580
NA,"OK539295.1",138,1,0,580,563,443,460,443,580
NA,"OK539294.1",138,1,0,580,563,443,460,443,580
NA,"OK539293.1",138,1,0,580,563,443,460,443,580
NA,"OK539292.1",138,1,0,580,563,443,460,443,580
NA,"OK539291.1",138,1,0,580,563,443,460,443,580
NA,"OK539290.1",138,1,0,580,563,443,460,443,580
NA,"OK539289.1",138,1,0,580,563,443,460,443,580
NA,"OK539288.1",138,1,0,580,563,443,460,443,580
NA,"OK539287.1",138,1,0,580,563,443,460,443,580
NA,"OK539286.1",138,1,0,580,563,443,460,443,580
NA,"OK539285.1",138,1,0,580,563,443,460,443,580
NA,"OK539284.1",138,1,0,580,563,443,460,443,580
NA,"OK539283.1",138,1,0,580,563,443,460,443,580
NA,"OK539282.1",138,1,0,580,563,443,460,443,580
NA,"OK539281.1",138,1,0,580,563,443,460,443,580
NA,"OK539280.1",138,1,0,580,563,443,460,443,580
NA,"OK539279.1",138,1,0,580,563,443,460,443,580
NA,"OK539278.1",138,1,0,580,563,443,460,443,580
NA,"OK539277.1",138,1,0,580,563,443,460,443,580
NA,"OK539276.1",138,1,0,580,563,443,460,443,580
NA,"OK539275.1",138,1,0,580,563,443,460,443,580
NA,"OK539274.1",138,1,0,580,563,443,460,443,580
NA,"OK539273.1",138,1,0,580,563,443,460,443,580
NA,"OK539272.1",138,1,0,580,563,443,460,443,580
NA,"OK539271.1",138,1,0,580,563,443,460,443,580
NA,"OK539270.1",138,1,0,580,563,443,460,443,580
NA,"OK539269.1",138,1,0,580,563,443,460,443,580
NA,"OK539268.1",138,1,0,580,563,443,460,443,580
NA,"OK539267.1",138,1,0,580,563,443,460,443,580
NA,"OK539266.1",138,1,0,580,563,443,460,443,580
NA,"OK539265.1",138,1,0,580,563,443,460,443,580
NA,"OK539264.1",138,1,0,580,563,443,460,443,580
NA,"OK539263.1",138,1,0,580,563,443,460,443,580
NA,"OK539262.1",138,1,0,580,563,443,460,443,580
NA,"OK539261.1",138,1,0,580,563,443,460,443,580
NA,"OK539260.1",138,1,0,580,563,443,460,443,580
NA,"OK539259.1",138,1,0,580,563,443,460,443,580
NA,"OK539258.1",138,1,0,580,563,443,460,443,580
NA,"OK539257.1",138,1,0,580,563,443,460,443,580
NA,"OK539256.1",138,1,0,580,563,443,460,443,580
NA,"OK539255.1",138,1,0,580,563,443,460,443,580
NA,"OK539254.1",138,1,0,580,563,443,460,443,580
NA,"OK539253.1",138,1,0,580,563,443,460,443,580
NA,"OK539252.1",138,1,0,580,563,443,460,443,580
NA,"OK539251.1",138,1,0,580,563,443,460,443,580
NA,"OK539250.1",138,1,0,580,563,443,460,443,580
NA,"OK539249.1",138,1,0,580,563,443,460,443,580
NA,"OK539248.1",138,1,0,580,563,443,460,443,580
NA,"OK539247.1",138,1,0,580,563,443,460,443,580
NA,"OK539246.1",138,1,0,580,563,443,460,443,580
NA,"OK539245.1",138,1,0,580,563,443,460,443,580
NA,"OK539244.1",138,1,0,580,563,443,460,443,580
NA,"OK539243.1",138,1,0,580,563,443,460,443,580
NA,"OK539242.1",138,1,0,580,563,443,460,443,580
NA,"OK539241.1",138,1,0,580,563,443,460,443,580
NA,"OK539240.1",138,1,0,580,563,443,460,443,580
NA,"OK539239.1",138,1,0,580,563,443,460,443,580
NA,"OK539238.1",138,1,0,580,563,443,460,443,580
NA,"OK539237.1",138,1,0,580,563,443,460,443,580
NA,"OK539236.1",138,1,0,580,563,443,460,443,580
NA,"OK539235.1",138,1,0,580,563,443,460,443,580
NA,"OK539234.1",138,1,0,580,563,443,460,443,580
NA,"OK539233.1",138,1,0,580,563,443,460,443,580
NA,"OK539232.1",138,1,0,580,563,443,460,443,580
NA,"OK539231.1",138,1,0,580,563,443,460,443,580
NA,"OK539230.1",138,1,0,580,563,443,460,443,580
NA,"OK539229.1",138,1,0,580,563,443,460,443,580
NA,"OK539228.1",138,1,0,580,563,443,460,443,580
NA,"OK539227.1",138,1,0,580,563,443,460,443,580
NA,"OK539226.1",138,1,0,580,563,443,460,443,580
NA,"OK539225.1",138,1,0,580,563,443,460,443,580
NA,"OK539224.1",138,1,0,580,563,443,460,443,580
NA,"OK539223.1",138,1,0,580,563,443,460,443,580
NA,"OK539222.1",138,1,0,580,563,443,460,443,580
NA,"OK539221.1",138,1,0,580,563,443,460,443,580
NA,"OK539220.1",138,1,0,580,563,443,460,443,580
NA,"OK539219.1",138,1,0,580,563,443,460,443,580
NA,"OK539218.1",138,1,0,580,563,443,460,443,580
NA,"OK539217.1",138,1,0,580,563,443,460,443,580
NA,"OK539216.1",138,1,0,580,563,443,460,443,580
NA,"OK539215.1",138,1,0,580,563,443,460,443,580
NA,"OK539214.1",138,1,0,580,563,443,460,443,580
NA,"OK539213.1",138,1,0,580,563,443,460,443,580
NA,"OK539212.1",138,1,0,580,563,443,460,443,580
"1352192257","KY798443.1",118,0,1,573,556,456,473,456,573
"983634826","KT185629.1",118,0,1,12316,12299,12199,12216,12199,12316
NA,"LC710290.1",118,1,1,492,475,375,392,375,492
NA,"LC710289.1",118,1,1,493,476,376,393,376,493
NA,"LC681918.1",118,1,1,546,529,429,446,429,546
NA,"LC681910.1",118,1,1,542,525,425,442,425,542
NA,"LC681909.1",118,1,1,547,530,430,447,430,547
NA,"LC681908.1",118,1,1,539,522,422,439,422,539
NA,"LC681907.1",118,1,1,538,521,421,438,421,538
NA,"LC681870.1",118,1,1,549,532,432,449,432,549
NA,"LC681869.1",118,1,1,545,528,428,445,428,545
NA,"LC681868.1",118,1,1,540,523,423,440,423,540
NA,"LC681867.1",118,1,1,549,532,432,449,432,549
NA,"LC681866.1",118,1,1,543,526,426,443,426,543
NA,"LC681865.1",118,1,1,548,531,431,448,431,548
NA,"LC681860.1",118,1,1,548,531,431,448,431,548
NA,"LC681859.1",118,1,1,540,523,423,440,423,540
NA,"LC681858.1",118,1,1,548,531,431,448,431,548
NA,"LC681857.1",118,1,1,549,532,432,449,432,549
NA,"LC681846.1",118,1,1,486,469,369,386,369,486
"2048073018","MW856857.1",118,1,1,622,605,505,522,505,622
"1993500644","MW652804.1",118,1,1,545,528,428,445,428,545
"1699950997","MN153562.1",118,1,1,146,129,29,46,29,146
"1699950996","MN153561.1",118,1,1,146,129,29,46,29,146
"1699950995","MN153560.1",118,1,1,146,129,29,46,29,146
"1154501148","KY056640.1",118,1,1,1879,1862,1762,1779,1762,1879
"807201278","KP742974.1",118,1,1,11519,11502,11402,11419,11402,11519
"699127989","KM267719.1",118,1,1,11454,11437,11337,11354,11337,11454
"699127961","KM267718.1",118,1,1,11457,11440,11340,11357,11340,11457
"698352316","KM267717.1",118,1,1,11448,11431,11331,11348,11331,11448
"698352299","KM267716.1",118,1,1,11435,11418,11318,11335,11318,11435
"690195083","KJ866209.1",118,1,1,1897,1880,1780,1797,1780,1897
"690195068","KJ866208.1",118,1,1,1897,1880,1780,1797,1780,1897
"555297923","KF701113.1",118,1,1,1897,1880,1780,1797,1780,1897
"452755015","KC353468.1",118,1,1,620,603,503,520,503,620
"452754987","KC353466.1",118,1,1,620,603,503,520,503,620
"298103871","AB565771.1",118,1,1,1893,1876,1776,1793,1776,1893
"116733891","DQ889864.1",118,1,1,775,758,658,675,658,775
"116733887","DQ889860.1",118,1,1,775,758,658,675,658,775
"6523329","Y18683.1",118,1,1,14045,14028,13928,13945,13928,14045
"5835065","NC_001626.1",118,1,1,1897,1880,1780,1797,1780,1897
"1352192259","KY798444.1",119,1,2,580,563,462,479,462,580
"1822426315","XM_032975710.1",506,3,3,671,688,1176,1159,671,1176
"1822426315","XM_032975710.1",281,3,3,671,688,951,934,671,951
"1822426315","XM_032975710.1",266,3,3,671,688,936,919,671,936
"1822426315","XM_032975710.1",134,3,3,671,688,804,787,671,804
"1822426315","XM_032975710.1",32,3,3,671,688,702,685,671,702
"1822426315","XM_032975710.1",953,3,4,671,688,1623,1606,671,1623
"1822426315","XM_032975710.1",938,3,4,671,688,1608,1591,671,1608
"1822426315","XM_032975710.1",863,3,4,671,688,1533,1516,671,1533
"1822426315","XM_032975710.1",803,3,4,671,688,1473,1456,671,1473
"1822426315","XM_032975710.1",788,3,4,671,688,1458,1441,671,1458
"1822426315","XM_032975710.1",773,3,4,671,688,1443,1426,671,1443
"1822426315","XM_032975710.1",728,3,4,671,688,1398,1381,671,1398
"1822426315","XM_032975710.1",713,3,4,671,688,1383,1366,671,1383
"1822426315","XM_032975710.1",653,3,4,671,688,1323,1306,671,1323
"1822426315","XM_032975710.1",638,3,4,671,688,1308,1291,671,1308
"1822426315","XM_032975710.1",623,3,4,671,688,1293,1276,671,1293
"1822426315","XM_032975710.1",608,3,4,671,688,1278,1261,671,1278
"1822426315","XM_032975710.1",593,3,4,671,688,1263,1246,671,1263
"1822426315","XM_032975710.1",578,3,4,671,688,1248,1231,671,1248
"1822426315","XM_032975710.1",536,3,4,671,688,1206,1189,671,1206
"1822426315","XM_032975710.1",521,3,4,671,688,1191,1174,671,1191
"1822426315","XM_032975710.1",491,3,4,671,688,1161,1144,671,1161
"1822426315","XM_032975710.1",476,3,4,671,688,1146,1129,671,1146
"1822426315","XM_032975710.1",461,3,4,671,688,1131,1114,671,1131
"1822426315","XM_032975710.1",446,3,4,671,688,1116,1099,671,1116
"1822426315","XM_032975710.1",431,3,4,671,688,1101,1084,671,1101
"1822426315","XM_032975710.1",401,3,4,671,688,1071,1054,671,1071
"1822426315","XM_032975710.1",386,3,4,671,688,1056,1039,671,1056
"1822426315","XM_032975710.1",371,3,4,671,688,1041,1024,671,1041
"1822426315","XM_032975710.1",356,3,4,671,688,1026,1009,671,1026
"1822426315","XM_032975710.1",341,3,4,671,688,1011,994,671,1011
"1822426315","XM_032975710.1",296,3,4,671,688,966,949,671,966
"1822426315","XM_032975710.1",251,3,4,671,688,921,904,671,921
"1822426315","XM_032975710.1",221,3,4,671,688,891,874,671,891
"1822426315","XM_032975710.1",206,3,4,671,688,876,859,671,876
"1822426315","XM_032975710.1",176,3,4,671,688,846,829,671,846
"1822426315","XM_032975710.1",119,3,4,671,688,789,772,671,789
"1822426315","XM_032975710.1",77,3,4,671,688,747,730,671,747
"1822426315","XM_032975710.1",62,3,4,671,688,732,715,671,732
"1822426315","XM_032975710.1",47,3,4,671,688,717,700,671,717
"1822426315","XM_032975710.1",107,4,4,1517,1534,1623,1606,1517,1623
"1822426315","XM_032975710.1",92,4,4,1517,1534,1608,1591,1517,1608
"1822426315","XM_032975710.1",212,4,4,1412,1429,1623,1606,1412,1623
"1822426315","XM_032975710.1",197,4,4,1412,1429,1608,1591,1412,1608
"1822426315","XM_032975710.1",122,4,4,1412,1429,1533,1516,1412,1533
"1822426315","XM_032975710.1",62,4,4,1412,1429,1473,1456,1412,1473
"1822426315","XM_032975710.1",47,4,4,1412,1429,1458,1441,1412,1458
"1822426315","XM_032975710.1",32,4,4,1412,1429,1443,1426,1412,1443
"1822426315","XM_032975710.1",332,4,4,1292,1309,1623,1606,1292,1623
"1822426315","XM_032975710.1",317,4,4,1292,1309,1608,1591,1292,1608
"1822426315","XM_032975710.1",242,4,4,1292,1309,1533,1516,1292,1533
"1822426315","XM_032975710.1",182,4,4,1292,1309,1473,1456,1292,1473
"1822426315","XM_032975710.1",167,4,4,1292,1309,1458,1441,1292,1458
"1822426315","XM_032975710.1",152,4,4,1292,1309,1443,1426,1292,1443
"1822426315","XM_032975710.1",107,4,4,1292,1309,1398,1381,1292,1398
"1822426315","XM_032975710.1",92,4,4,1292,1309,1383,1366,1292,1383
"1822426315","XM_032975710.1",32,4,4,1292,1309,1323,1306,1292,1323
"1822426315","XM_032975710.1",377,4,4,1247,1264,1623,1606,1247,1623
"1822426315","XM_032975710.1",362,4,4,1247,1264,1608,1591,1247,1608
"1822426315","XM_032975710.1",287,4,4,1247,1264,1533,1516,1247,1533
"1822426315","XM_032975710.1",227,4,4,1247,1264,1473,1456,1247,1473
"1822426315","XM_032975710.1",212,4,4,1247,1264,1458,1441,1247,1458
"1822426315","XM_032975710.1",197,4,4,1247,1264,1443,1426,1247,1443
"1822426315","XM_032975710.1",152,4,4,1247,1264,1398,1381,1247,1398
"1822426315","XM_032975710.1",137,4,4,1247,1264,1383,1366,1247,1383
"1822426315","XM_032975710.1",77,4,4,1247,1264,1323,1306,1247,1323
"1822426315","XM_032975710.1",62,4,4,1247,1264,1308,1291,1247,1308
"1822426315","XM_032975710.1",47,4,4,1247,1264,1293,1276,1247,1293
"1822426315","XM_032975710.1",32,4,4,1247,1264,1278,1261,1247,1278
"1822426315","XM_032975710.1",392,4,4,1232,1249,1623,1606,1232,1623
"1822426315","XM_032975710.1",377,4,4,1232,1249,1608,1591,1232,1608
"1822426315","XM_032975710.1",302,4,4,1232,1249,1533,1516,1232,1533
"1822426315","XM_032975710.1",242,4,4,1232,1249,1473,1456,1232,1473
"1822426315","XM_032975710.1",227,4,4,1232,1249,1458,1441,1232,1458
"1822426315","XM_032975710.1",212,4,4,1232,1249,1443,1426,1232,1443
"1822426315","XM_032975710.1",167,4,4,1232,1249,1398,1381,1232,1398
"1822426315","XM_032975710.1",152,4,4,1232,1249,1383,1366,1232,1383
"1822426315","XM_032975710.1",92,4,4,1232,1249,1323,1306,1232,1323
"1822426315","XM_032975710.1",77,4,4,1232,1249,1308,1291,1232,1308
"1822426315","XM_032975710.1",62,4,4,1232,1249,1293,1276,1232,1293
"1822426315","XM_032975710.1",47,4,4,1232,1249,1278,1261,1232,1278
"1822426315","XM_032975710.1",32,4,4,1232,1249,1263,1246,1232,1263
"1822426315","XM_032975710.1",434,4,4,1190,1207,1623,1606,1190,1623
"1822426315","XM_032975710.1",419,4,4,1190,1207,1608,1591,1190,1608
"1822426315","XM_032975710.1",344,4,4,1190,1207,1533,1516,1190,1533
"1822426315","XM_032975710.1",284,4,4,1190,1207,1473,1456,1190,1473
"1822426315","XM_032975710.1",269,4,4,1190,1207,1458,1441,1190,1458
"1822426315","XM_032975710.1",254,4,4,1190,1207,1443,1426,1190,1443
"1822426315","XM_032975710.1",209,4,4,1190,1207,1398,1381,1190,1398
"1822426315","XM_032975710.1",194,4,4,1190,1207,1383,1366,1190,1383
"1822426315","XM_032975710.1",134,4,4,1190,1207,1323,1306,1190,1323
"1822426315","XM_032975710.1",119,4,4,1190,1207,1308,1291,1190,1308
"1822426315","XM_032975710.1",104,4,4,1190,1207,1293,1276,1190,1293
"1822426315","XM_032975710.1",89,4,4,1190,1207,1278,1261,1190,1278
"1822426315","XM_032975710.1",74,4,4,1190,1207,1263,1246,1190,1263
"1822426315","XM_032975710.1",59,4,4,1190,1207,1248,1231,1190,1248
"1822426315","XM_032975710.1",449,4,4,1175,1192,1623,1606,1175,1623
"1822426315","XM_032975710.1",434,4,4,1175,1192,1608,1591,1175,1608
"1822426315","XM_032975710.1",359,4,4,1175,1192,1533,1516,1175,1533
"1822426315","XM_032975710.1",299,4,4,1175,1192,1473,1456,1175,1473
"1822426315","XM_032975710.1",284,4,4,1175,1192,1458,1441,1175,1458
"1822426315","XM_032975710.1",269,4,4,1175,1192,1443,1426,1175,1443
"1822426315","XM_032975710.1",224,4,4,1175,1192,1398,1381,1175,1398
"1822426315","XM_032975710.1",209,4,4,1175,1192,1383,1366,1175,1383
"1822426315","XM_032975710.1",149,4,4,1175,1192,1323,1306,1175,1323
"1822426315","XM_032975710.1",134,4,4,1175,1192,1308,1291,1175,1308
"1822426315","XM_032975710.1",119,4,4,1175,1192,1293,1276,1175,1293
"1822426315","XM_032975710.1",104,4,4,1175,1192,1278,1261,1175,1278
"1822426315","XM_032975710.1",89,4,4,1175,1192,1263,1246,1175,1263
"1822426315","XM_032975710.1",74,4,4,1175,1192,1248,1231,1175,1248
"1822426315","XM_032975710.1",32,4,4,1175,1192,1206,1189,1175,1206
"1822429713","XM_032948292.1",1407,5,4,233,250,1639,1622,233,1639
"1822367466","XM_032951273.1",3086,5,5,6637,6654,9722,9705,6637,9722
"50261272","AY577942.1",1049,5,5,907,924,1955,1938,907,1955
