"qseqid.x","gi","accession","mismatch_forward","forward_start","forward_stop","staxids","qseqid.y","mismatch_reverse","reverse_start","reverse_stop","product_length","taxid","species","superkingdom","kingdom","phylum","subphylum","superclass","class","subclass","order","family","subfamily","genus","infraorder","subcohort","superorder","superfamily","tribe","subspecies","subgenus","species.group","parvorder","varietas"
"forward",1922070606,"MN807586.1",0,610,593,"121567","reverse",0,476,493,134,121567,"Lemniscomys striatus","Eukaryota","Metazoa","Chordata","Craniata","Sarcopterygii","Mammalia",NA,"Rodentia","Muridae","Murinae","Lemniscomys",NA,NA,"Euarchontoglires",NA,NA,NA,NA,NA,NA,NA
"forward",1897206046,"MT425495.1",0,657,640,"1641793","reverse",0,520,537,137,1641793,"Cinclosoma clarum","Eukaryota","Metazoa","Chordata","Craniata","Sarcopterygii","Aves",NA,"Passeriformes","Cinclosomatidae",NA,"Cinclosoma",NA,NA,NA,"Corvoidea",NA,NA,NA,NA,NA,NA
"forward",1468550339,"LS992656.1",0,627,610,"9925","reverse",0,492,509,135,9925,"Capra hircus","Eukaryota","Metazoa","Chordata","Craniata","Sarcopterygii","Mammalia",NA,"Artiodactyla","Bovidae","Caprinae","Capra","Pecora",NA,"Laurasiatheria",NA,NA,NA,NA,NA,NA,NA
"forward",1039678278,"KU605058.1",0,519,502,"9838","reverse",0,385,402,134,9838,"Camelus dromedarius","Eukaryota","Metazoa","Chordata","Craniata","Sarcopterygii","Mammalia",NA,"Artiodactyla","Camelidae",NA,"Camelus",NA,NA,"Laurasiatheria",NA,NA,NA,NA,NA,NA,NA
"forward",1899921924,"MT913781.1",0,600,583,"2770979","reverse",0,464,481,136,2770979,"Panthera spelaea","Eukaryota","Metazoa","Chordata","Craniata","Sarcopterygii","Mammalia",NA,"Carnivora","Felidae","Pantherinae","Panthera",NA,NA,"Laurasiatheria",NA,NA,NA,NA,NA,NA,NA
"forward",2250083729,"MW815416.1",0,639,622,"2821396","reverse",0,505,522,134,2821396,"Crocidura baluensis","Eukaryota","Metazoa","Chordata","Craniata","Sarcopterygii","Mammalia",NA,"Eulipotyphla","Soricidae","Crocidurinae","Crocidura",NA,NA,"Laurasiatheria",NA,NA,NA,NA,NA,NA,NA
